title,url,domain,emails,phones
Tulum Inmobiliaria,https://tuluminmobiliaria.com/,tuluminmobiliaria.com,"jpsoraiz@tuluminmobiliaria.com, info@ndiscovered.com","1817210406, 1745620880, 5543465167, 2653992654, 3781880659, 7998338870, 6893617021, 1912985369, 6156686629, 5426748322, 2942366026, +525543465167, 7777777777, 525543465167, 3333333333, 6666666666"
Top 5 mejores desarrollos inmobiliarios en Tulum 2025,https://jaguartulum.com/mejores-desarrollos-en-tulum/,jaguartulum.com,"carbulk@netra.net, info@jaguartulum.com","1765408118, 5255195224, +52 984 209 0644, 1654019540, 5562245849, 529842090644, 1765417444, 1765408551, 1752221993, 5019437454"
INMOBILIARIA TULUM,https://www.casasyterrenos.com/inmobiliaria/inmobiliariatulum,www.casasyterrenos.com,ignacio.ruvalcaba@hotmail.com,"+523319100955, +523310112573, 3314343226"
Inmobiliaria Turística de Tulum,https://www.ittdesarrollos.mx/,www.ittdesarrollos.mx,coordinacion@ittdesarrollos.mx,"1742197081, +52 (984) 164 4559, 1742197093, 1701982423, 1689051777, 1742183591, 1755213370, 1240682212, 1742197078, 1730057819, 1689116879, 1742197094, 1742183595, 1240730137, 1765122069, 1742183598, 1742197083, 1293661578, 1742197085, 1240682213, 1742183594, 1742197090, 1289746862, 1742197077, 1689117043, 1240630949, 1742183596, 1240696964, 1731882785, 1742197082, 1742183597, 1742197092, 1742183593, 1240696965"
Tulum 101 - Creamos desarrollos inmobiliarios en Tulum,https://www.inmobilia.mx/tulum-101/proyectos,www.inmobilia.mx,info@inmobilia.mx,"1678722032, 1060029395, 529992110400, 1742654920, 1038014039, 1973619842, 1742553154, 1034355589, 1742553145, 1678547464, 1742553146, 2147483647, 1742553147, 2017384515, 1742654919, 1034303312, 1152013828, 1038015749, 1063080096, 2890755381, 4005059068, 1046640231, 1034379767, 1600122400, 529994172544, 1034382508, +52 (999) 211 0400, 1742553161, 1530277750, 1754578867, 1742553162, 1034220380, 1061166283, 1742553143, 1742654921, 1765117193"
Los TOP 5 fraccionamientos EXCLUSIVOS en TULUM,https://www.youtube.com/watch?v=_3sQljJ6E6Q,www.youtube.com,hola@realting.mx,"2572510527, 1741217552, 2571461986, 2572379464, 2574403878, 4278190080, 2570803557, 2570803813, 2572117334, 2571066725, 2573231439, 2570672485, 1741217548, 1765453082, 2573296965, 2572051790, 2573558357, 0026457181, 1741217509, 2572444990, 1741217513, 2570872130, 2571658594, 2573296963, 4289374890, 4280027906, 2571198578, 8774112430, 1741217561, 0026457390, 2572969290, 2574406695, 529841358841, 2575256619, 2573231437, 0026457283, 2570935141, 2572772678, 2572117322, 2570934117, 2573558612, 1331761403, 2573231433, 2571197541, 4294633952, 4278607828, 2570869093, 2570868581, 2572903746, 2571589733, 3888000000, 2573231438, 2572707136, 2571131493, 4294964720, 2571066469, 2571724133, 1765427882, 0026457417, 0026457327, 1741217512, 2570804325, 1741217515, 2571789669, 2573557585, 4284506208, 2572576068, 0026457132, 1763198232, 2573428039, 0026457413, 3426097162, 2572772674, 2572903754, 2574410285, 2571527525, 2073741824, 8686186769, 1741217520, 4294967295, 2571986234, 0026457292, 2572903741, 0026457214, 2574407209, 2571065701, 2570738021, 1741217550, 2570478910, 1157896739, 2572969291, 2571000165, 2571658597, 2571197285, 2572903742, 1741217510, 1765449482, 0026457255, 2572969292, 2570672229, 4713922022, 2572051749, 2572772675, 2574403364, 2573557069, 2571132261, 0026457395, 2571986212, 1741217572, 1741217580, 2572051751, 1765427361, 4292721836, 1741217508, 2571263077, 2572641597, 2570609985, 2571787109, 2572248381, 2574404647, 4279440147, 4285418298, 4281735178, +52 984 135 8841, 0026457432, 2570999397, 2570869861, 2571593058, 2573557070, 0026457374, 2570999909, 2571131237, 4282296063, 2570806595, 2571066213, 2571001189, 2573428038, 2572772676, 2573557841, 4293107580, 2573493589, 2573558601, 1741217549, 2570737509, 2571593061, 0026457354, 2571721829, 2572051748, 2570806593, 2574410543, 4294621957, 2572444989, 2570544447, 2572576053, 2573034828"
MISTIQ Tulum | Desarrollos Inmobiliarios en la Riviera Maya,https://www.mistiq.mx/desarrollador-inmobiliario,www.mistiq.mx,"reservations@mistiq.mx, ventas@mistiqtulum.com","1053405065, 1233943780, 1236746004, 1804491471, 1025302785, 1795721048, 1740314822, 1581592837, 1951595671, 1394598429, 1943048428, 1531348444, 1350971613, 1707395875, 1043300118, 1797819065, 1040477562, 1014055129, 1930579959, 1520453236, 1100705261, 1481728146, +529841082556, 1241321527, 1717181738, 1176134623, 1041557504, 1360510265, 1986939616, 1962176903, 1358086068, 0052984247, 1129285082, 1620379814, 1762387527, 1047088477, 1981249752, 1276543962, 1754960166, 1776110877, 1886826880, 1920214200, 1709005236, 1830246780, 1856458752, 1122882908, 1112815771, 1691555955, 1725049324, 1651019789, 1848182343, 1593205799, 1914898386, 1386771057, 1280493293, 1298527157, 3309383010, 1921369440, 1867562984, 0052984108, 1687102921, 1175696999, 1128485146, 1588844141, 1939278623, 1531299188, 1271125963, 1432741911, 1878226591, 1036090053, 1778595523"
El lado oscuro del 'boom' inmobiliario en Tulum: Fraudes ...,https://www.elfinanciero.com.mx/bloomberg/2025/04/06/el-lado-oscuro-del-boom-inmobiliario-en-tulum-fraudes-millones-de-dolares-desaparecidos-y-dos-muertes/,www.elfinanciero.com.mx,"cespejel@elfinanciero.com.mx, khperez@elfinanciero.com.mx, sweetalert2@10.js, husla@elfinanciero.com.mx, vfernandez@elfinanciero.com.mx, rodrigo@eisa.travel, redactoresef2018@gmail.com, contactoweb@elfinanciero.com.mx","1625004391, 1561100000, 0000009245, 4636906143, 7777777778, 1765427515, 1235462762, 6666666667, 2574200000, 6510674308, 1765427741, 1765427882, 6350398657, 1765427583, 1765427883, 1063568587, 1765427815, 5669100661, 1796928818, 1765427289, 0780990845, 6589631882, 1765427635, 0516309571, 7670043407, 1765427441, 0000005856, 1765427589, 7097674306, 1765392818, 3333333333, 7054807077"
Aldea Tulum,https://aldeatulum.mx/,aldeatulum.mx,"aldeatulum@caduinmobiliaria.com, quejasysugerenciastulum@caduinmobiliaria.com","529848790811, 4659415946, 4699649081, 2132841573, 5418009529, 1916696624, 2109886184, 3397751454, 525985048652, 1676311108, 1662059460, 4619182811, 2086930457, 3333333333, 9848774540"
Grupo Emerita,https://www.grupoemerita.com/,www.grupoemerita.com,hola@grupoemerita.com.mx,"521984151011, +52 999 335 7926, 5084773145, 1147285201, 3209101644, 7672513355"
Inversión inmobiliaria en Tulum: Proyectos clave en la zona,https://grupolibera.mx/noticiasyrecursos/inversion-inmobiliaria-en-tulum/,grupolibera.mx,contacto@grupolibera.mx,"6485186196, 9995044538, 2127075195, 1382563710, (999) 828 6807, 999 160 9667, 999 354 3299, 9999999999, 999 504 4538, 0208333333, 6173162217, 1765427886, 3095458623, 1765427885, 3864003214, 1748728697, 0000008180, 1748728698, 8333333333, 529993543299, 0000000000, 3053914031"
Real State,https://realestateimexico.com/,realestateimexico.com,info@imexicorealestate.com,"9842181599, 1740436597, 1738177343, 1741718076, 1738098936, 1752603685, 1740431434, 1739229672, 1739831295, 1738191793, +529842181599, 529842181599, +52 984 218 1599, 1752614105, 1742855671, 1738182822"
Tulum: Desarrollos Inmobiliarios by ...,https://dkdelkaribe.com.mx/tulum/,dkdelkaribe.com.mx,"coordinacion-clientes@dkdelkaribe.com, coordinacion-clientes@dkdelkaribe.com.mx","+52 984 278 1886, 529841084777, 1752950906, +52 984 108 4777, 1765300592, 1325128009, +529841084777, 1752951331, 1765427887, +529842781886, 1765316445, 1752950799"
LOAM Desarrollos | Desarrollos Inmobiliarios en Tulum,https://www.loamdesarrollos.com/,www.loamdesarrollos.com,info@loamdesarrollos.com,"7513758209, 9536119220, 7709952764, 1581672742, 7533402814, 7513758208, 3207888862, 9030634474"
Tulum: la resaca inmobiliaria tras el adiós a obras del Tren ...,https://www.eleconomista.com.mx/econohabitat/tulum-resaca-inmobiliaria-adios-obras-tren-maya-nomadas-digitales-20251124-787985.html,www.eleconomista.com.mx,samanta.escobar@eleconomista.mx,"1722968928, 1723062735, 1722968358, 1722968471, 1732211837, 1723065045, 1722968768, 1723064926, 1723062035, 1273364473, 1723064574, 1723061718, 8034340930, 1723061797, 1722968715, 0876111135, 1722969501, 1723061858, 1764591168, 1722968823, 1722969556, 1745512086, 2216464987, 2745512086, 0625103536, 1723064752, 1723061974"
Cancún - Agencia Inmobiliaria Bienes Raíces Quintana ...,https://bienesraicesquintanaroo.mx/propiedad-ciudad/quintana-roo-cancun/?srsltid=AfmBOopXynYzPHBxbtXYpzZmxMTr0q1PNGVK-5EXScHHqYH0oy-x7z42,bienesraicesquintanaroo.mx,admin@brqroo.mx,"+52 984 106 9039, 8842526416, 3380466889, 1213393026, 6666666667, 1629841729, 4784294428, 1765404984, 521984106903, 1762544681"
243 Desarrollos inmobiliarios en Tulum | La Haus - LaHaus.mx,https://www.lahaus.mx/venta/desarrollos-inmobiliarios/tulum,www.lahaus.mx,"servicioalcliente@lahaus.com, lauraacevedoext@lahaus.com, claudiapinzonext@lahaus.com, mixergutierrez@lahaus.com, martinacevesext@lahaus.com, felipemunoz@lahaus.com, mariamesaext@lahaus.com, margaritagananext@lahaus.com, johanamorenoext@lahaus.com, karinagomezext@lahaus.com, macielaguerraext@lahaus.com, adrianacagext@lahaus.com, shirleysaenzext@lahaus.com, morelaredondoext@lahaus.com","4541003263, 7170387999, 3847989919, 1516839999, 1910432999, 5730091112, 1740587119, 7983939999, 1740418842, 3968037035, 3675749586, 1648094999, 1454936999, 2794404999, +521559302056, 9999999999, 4459622999, 6847714974, 1740586803, 1430230400, 4096893568, 3999999999, 4818294405, 3702681937, 1740586693, 6787404764, 1639902759, 1829183999, 1648240999, 4659725271, 1739228084, 5664739000, 1740586770, 7844069468, 1818403772, 1740418934, 4300662000, 1739228141, 0000000000, 3712398366, 2121349999, 6758081349, 2351791000, 3786433736, 3828744618, 4599746999, 3715000504, 4356104550, 5542815274, 3951805781, 1983456999, 1497014999, 1740418022, 1928030999, 7035487737, 2205616999, 6908730999, 3807912318, 1788512999, 1740418497, 1652737886, 1739227976, 8000000000, 3550214153, 1610137999, 4201991472, 1740587096, 6671634999, 1784672576, 6946519637, 525553501146, 1572279999, 1788321676, 2000000000, 1771227999, 2432612431, 7999999999, 4183466355, 4161587148, 6751798608, 1740418722, 1740770843, 1739227903, 1739228891, 3821544551, 4490958808, 1740418814, 9835831291, 6664955999, +521954140903, 4144754999, 4228344514, 8352118774, 1756401999, 1616380999, 6705431409, 1576228999, 525338367748, 1750803000, 8999999999, 1740418544, 1602707999, 7016370390, 6000000000, 4492966846, 1740586724, 1610087000, 1578301999, 1670683999, 8313905999, 1132926014, 1451276999, 1834528999, 6524876999, 0834211999, 7248380271, 1806935374, 7964242299, 1769595999, 2869647999, 1999999999, 6899226007, 1902281999, 1597470999, 1740770971, 3509892453, 7021936211, +521559337740, 6663641322, 1914531511, 1406552999, 6601871331, 1618410999, 1573552787, 7956673970, 8491439819, 6713069306, 1740418696, 7534146846, 1642555999, 1819884999, 3781920373, 1739228165, 1740418163, 1833511999, 3728397999, 6486085183, 9844986999, 7199740841, 4542646280, 1740586650, 1739228057, 2498204999, 521559302063, 1739227950, 1893427999, 5136347454, 1740418764, 6986274202, 3685808622, 1740584356, 8339391770, 4339592999, 1739227284, 1738712052, 6857130000, 4392198374, 6775771140, 4515968491, 4153503630, 6519131314, 2695235077, 2855843999, 1628460000, 1739228008, 1740418886, 1641121999, 1739228108, 1529288999, 3677652621, 6897585999, 1740586848"
Cancún: agentes inmobiliarios,https://www.properstar.com.mx/mexico/cancun/agentes-inmobiliarios,www.properstar.com.mx,"jessie@bluecaribbeanproperties.com, user-jessie@bluecaribbeanproperties.com, nunwerther@gmail.com, librado@riminvestments.mx, far@atventure.mx, brocio.palmareal@gmail.com, luis@palmarealprop.com, info@acproperty.com.au, tony.haddad@expmexico.mx, paty@patycardonacancun.com, contacto@inmobiliariamrd.com, op@firstcaution.ch, agent-jessie@bluecaribbeanproperties.comjessiegrijalba, ventas.es@gobalcostamaya.com","9509349027, 7920443252, 0833333333, 7309030652, 1809604255, 4444444444, 1458128471, 1395578471, 8932534744, 3371091528, 8866541162, 1704258471, 6156134085, 5116279069, 1430888471, 8586535153, 52 998 303 1774, 3060013078, 9022932816, 4086142604, 1320688471, 8235911736, 1955551528, 9981003453, 2209411528, 8858466856, 8671832575, 8849778471, 8400095068, 2261391528, 9005972929, 3116925064, 7777777777, +529981087574, 1859321528, 1708315898, 8687026329, 1288868471, 2158401528, 8116918191, 8605598063, 7922063984, 8760215224, 3333333333, 1764651528, 8372093023, +529842033250, 52 9983031774, 0207798471, 8445455530, 1000923292, 1688731528, 7597896887, 9988456074, 2210371528, 3682170542, 1590751528, 5555555555, 7277371528, 8888888888, 9225268471, 9818915996, 1561021528, 1390128471, 8508816995, 2380268471, 1732498471, 8565963263, 1527218471, +524433154519, 8283543011, 1214118471, 8202332415, 1554461528, 9282945736, 8333333333, 8398656818, 2221581528, 1756475217, 1616510754, 3604651162, 5251739565, 1218568471, 3805168471, 2220161528, 8194463055, 9534883720, 1615621528, 7922064047, 9551149619, 1914911528, 1494358471, 1573031528, 4564063455, 7798772609, 8430936127, 6317819655, 8222054849, 1947271528, 8604651162, 3255813953, 8550656311, 6615737200, 3934108527, 1669911528, 2010431528, 1155748471, 7007424061, 8662807352, 8007650614, 1335528471, 6666666666, 5348837209, 7774085229, 8816834938, 8310503451, 4013759651, 8207444607, 1532131528, 1714381528, 1214438471, 7948966408, 6144871528, 1695118471, 8420991154, 8423691430, 8324817999, +529842717000, 2065361528, 6976744186, 5780216500, 9026610718, 8111944377, 1587221528, 8630319773, 8163937378, 8796511489, 9079110249, 1583538471, 0828418471, 7574289405, 1215938471, 9767441860, 1976194544, 6046511627, 1046278471, 8147239225, 9374994825, 1706881528, 5385981912, 1423498471, 9988421053, 8281122759, 1253028900, 1455988471, 1361558471, +524432279395, 8662636738, 1815041528, 4166666666, 8525275995, 1067772761, 8394521141, +525559547897, 8822721259, 3953488372, 7309033345"
Tulum - Propiedades en venta - Top Investments,https://www.topinvestments.mx/ubicacion/tulum/,www.topinvestments.mx,info@topinvestments.mx,"1765292468, 4316407672, 2142342177, 4321104645, 529841793299, +52 984 179 3299, 2729189493, 3522812128"
"La inversión inmobiliaria en Tulum, a la vanguardia.",https://desarrollosecopsa.com/tulum-inversion-inmobiliaria/,desarrollosecopsa.com,"gerentecomercialqroo@desarrollosecopsa.com, contacto@desarrollosecopsa.com, gerentecomercialcdmx@desarrollosecopsa.com, gerentecomercialqro@desarrollosecopsa.com","1079014993, 9999991118, 7383830547, 1764786566, 1764805281, 2158029987, 6655273437, 8999999999, 1999999999, 3327636718, 1764787110, 4767661094, 9999995559"
VIVERENT – Vive de las Rentas,https://viverent.com/,viverent.com,info@vivedelasrentas.com,"1079014993, 7029520295, 4971711456, 2127075195, 1382563710, 7671361502, 8928024502, 7521079258, 8941717791, 3327636718, 1917808219, 7383830547, 9615384615, 7504373729, 3095458623, 1755627647, 9914529914, 800 953 7292, 9010819165, 1999999999, 8352059925, 9104938271, 7741935483, 8518518518, 7056672760, 7051282051, 0000008180, 7667844522, 9088098918, 7775090689, 7765700483, 4918032786, 521559337259, 9072642967, 0000000000, 8009537292, 7232918064, 7585185185, 3053914031, 9999995559"
TulumHomes - Encuentra la Propiedad de tus sueños,https://www.tulumhomes.com/,www.tulumhomes.com,"info@tropicalrealestate.mx, ccerdan_10@hotmail.com, info@tulumhomes.com","5932340393, 521984876221, 7074066325, 521777350996, 6164879139, +529984648409, 7074326325, 9962923986, 984 876 2215, 529984648409, 1701396886, 8886829347, +521984876221, +529842034079, 2291870117, +521777350996, 5197662414"
"Propiedades, Terrenos y Departamentos en Tulum",https://tulumharmony.com/,tulumharmony.com,tulumharmony@gmail.com,"1759072494, 1765385852, 1765385799, 1707759093, 1749058557, +529841792040, 1749058562, 1753151519, 3746341207, 1765303716, 3746346456, 1749058627, +52 984 179 2040"
Grupo ORVE - Grupo ORVE,https://www.grupoorve.com/,www.grupoorve.com,"contacto@grupoorve.com, contacto@grupoorve.mx","2426082023, 1752198354, 1764254579, 1757354539, 7511597674, (999) 574 0701, 521999234778, 1752198348, 1765295757, 6443885758, 1752198352, 1765295753"
Bienvenidos | Aldea Tulum Plus | Departamentos en Venta en ...,https://www.aldeatulumplus.com/,www.aldeatulumplus.com,info@urbanhomes.mx,"1498000384, 3537389287, 1403535541, 1499935685, 1389509318, 7814769691, 8070175856, 1765406874, 1753888356, 4561416893, 1755641225, 998 845 8587, 1345847041, 1765406876, 7422505951, 3372578893, 2545352419, 529988458587, 2147483648, 1750892037, 2015960785, 1753888027, 1750204693, 8882655685, 6404494099, 1755642060, 1755641224, 2110694603, +52 998 845 8587, 4801282726, 1754399349, 0223337494, 1755641657, 4840129889, 1247262756, 3333333333, 2305195801, 2352141355"
Tulum real estate | Casas en venta Tulum | Terrenos Tulum,https://livingtulum.com/,livingtulum.com,info@livingtulum.com,"3021840565, 1897209410, 521984113439, +52 9841134398"
CARYBAN Realtors 【 Riviera Maya 】: Tulum Real Estate,https://carybanrealtors.com/,carybanrealtors.com,"contacto@carybanrealtors.com, john@doe.com","6548904154, 529844520847, 4823091247, 984 452 0847, 3004005000, 1765398394, 1762471374"
Tulum Desarrollos Inmobiliarios - Listado de anuncios,https://www.compraensanjuan.com/tienda-virtual/anuncios-listado/82281/tulum-desarrollos-inmobiliarios/9/1?srsltid=AfmBOoqr_DArcuOlxirp8V0k_yL-eMatiaWg83JJft3wKvSqoxFcOwYy,www.compraensanjuan.com,ventas@tuluminmobiliaria.com.ar,"0264592623, 4969416231, 1347416065, 9550681418, 4261770927"
Mejores Desarrollos en Tulum: Oportunidades de Inversión ...,https://plalla.com/mejores-desarrollos-en-tulum/,plalla.com,hola@plalla.com,"1760012371, +52 984 100 5806, 529842021250, 1765194181, 1760012373, 1760012376, +529842021250, 1765427891, 1765393673, 529841005806, 1000638029"
Tulum – Desarrollos Inmobiliarios - San Juan,https://tuluminmobiliaria.com.ar/,tuluminmobiliaria.com.ar,ventas@tuluminmobiliaria.com.ar,"1763385352, 9644209071, 1790345889, 1953621325, 1843343999, 1763125956, 1762773953, 1798681234, 7591201405, 1843707772, 1762430082, 2711701372, 1843799642, 1802853798, 1742287628, 1765281600, 3032481904, 1843505863, 5766710389, 1742287630, 1764590400, 1762180872, 6572676130, 1765275840, 1091271996, 3231223214, 1831809846, 1765021642, 8845756718, 1806612000, 1830294226, 5492644813, 1765275842, 8331280112, 1796694719, 1784546783, 1843291783"
Home Tulum Real Estate: Home Tulum | Real Estate Agency,https://hometulum.com/,hometulum.com,"cristopher@hometulum.com, valentin@hometulum.com, rene@hometulum.com, carlos@hometulumrealestate.com","1561839019, 1149297509, 1936202225, 3281582217, 3960646139, 1406860399, 1744357660, 1819750520, 2013203394, 2486646355, 1502801067, 2742191414, 3839899025, 2798517879, 1782323419, 2211663703, 3361997497, 1980083172, 2257996367, 1889410114, 984 122 3030, 3508899145, 9851787955, 1720648061, 3267505100, 1763486318, 2813093719, 2231866680, 7960796122, 6823120876, 2512849710, 4247019177, 3218927557, 3774657445, 3053425943, 1019358245, 2939812627, 3323124571, 2845164956, 4024306577, 1513266849, 4085580931, 2643001379, 2210737418, 5130049792, 2404755461, 2108955579, 2217634863, 1953818585, 4207318443, 2124309732, 4156002084, 3650092894, 2203941893, 3628669461, (9851787955, 1750354442, 3276651356, 6463616978, 1750354439, 2619403685, 1382709191"
Itzaé Tulum | Departamentos en Venta Tulum 100 ...,https://www.itzaetulum.com/,www.itzaetulum.com,contacto@itzaetulum.com,"2545352419, 1765396583, 8276623645, 1779073137, 4534864378, 5773390446, 2110694603, 8120245501, 1765396582, 0460391582, 4105824936, 5053144538, 5632947233, 3561200536, 0332248249"
Inmobiliaria Real Estate | Netbrokers Asesores | México,https://www.netbrokers.com.mx/,www.netbrokers.com.mx,netbrokers.mx@gmail.com,"3520050048, 4000091552, 3999387506, 1782322894, 8559570312, 0264292934, 9982657145, 3286962287, +52 998 265 7145, 6275884853, 2545352419, 9930688494, 8120245501, 1765427890, 8991282725, 2568280152, 1765427891, 9600067138, 9402913425, 2110694603, 6000061035"
Inmobiliaria,https://www.tulumrealtors.com/,www.tulumrealtors.com,atencion@tulumrealtors.com,"+52 984 807 8497, 529848078497, +52 984 256 2658, 7816736326, 2018121220"
Playa Del Carmen Bienes Raíces Propiedades e Inmuebles,https://investo.com.mx/ciudad/playa-del-carmen/,investo.com.mx,info@investo.com.mx,"0766770312, 3574393537, 5851515307, 1765230502, 8117647059, 5882352941, 8392156863, 6270919951, 0705882353, 0679776511, 1626457822, 1176470588, 4705882352, 1765230503, 6913028204, 0537530098, 4901960784, 5959595346, 1759176007, 7019607843, 7732479066, 1803921569, 8120424343, 528120424343, 6336916206, 0000000000, 5958515346, 1765407038, 8116604850, 1625021921"
Inicio - Secretaría de Desarrollo Territorial Urbano Sustentable,https://sedetus.qroo.gob.mx/,sedetus.qroo.gob.mx,atencion@sedetus.gob.mx,"6157624205, 1765381745, 1765210820, 1765210824, 1709714425, 1011477962, 1154885513, 1764267146, 1765210819, 5769958324, 1742334461"
Propiedades en venta | Estructura Inmobiliaria,https://www.estructurainmobiliaria.mx/properties/mexico/quintana-roo/tulum,www.estructurainmobiliaria.mx,carolina@estructurainmobiliaria.mx,"1683761807, 3259552832, 3830517519, 1748007195, 1715449997, 6626586914, 1718115900, 2032371748, 4751468962, 1749597931, 1654643895, 1763493818, 1740697269, 4999541743, 1654698870, 1611063157, 1719326242, 1749596747, 1706880676, 1749658158, 3053355499, 1746736858, 1706281993, 529997389511, 1698328986, 5294855015, 2902246827"
100 Ladrillos,https://www.100ladrillos.com/,www.100ladrillos.com,hola@100ladrillos.com,"4889336826, 3600010991, 3600015527, 3600013731, 5680000000, 0484562807, 3600337495, 3600012517, 3600012509, 3600010746, 5690000000, 4417415927"
Realestate | Gtulum | Playa del Carmen,https://www.gtulum.com/,www.gtulum.com,sales@immoinvestments.mx,"1562057446, 2545352419, 2110694603, 4534864378, (984) 136 0006, 9841360006, 1765211928, 2825411409, 2041295559, 8922350060, 1765211926, +52 984 136 0006, 2511297643, 7085387815, 8221376881, 7097842668, 2205140030"
Tulum,https://selectrealtymexico.com/tulum/,selectrealtymexico.com,hola@selectrealtymexico.com,"1079014993, 1765426683, +521984179804, 0880505017, 1765426661, +52 984 179 8042, 3327636718, 7383830547, 1765426659, 1765426745, +529841798042, 1748300816, 1999999999, 1765426658, 1761792287, 1765426746, 1748300814, 521984179804, 2088831198, 7990634307, 4879395855, 2832706067, 1093012239, 9999995559"
inmuebles en venta en tulum / aldea zama / fraccionamiento bali,https://www.investrealty.mx/b/TULUM,www.investrealty.mx,sales@investrealty.mx,"9246892430, 7729335942, 7000442245, 2752484959, 1980645924, 2970535125, 5426388941, 8565406441, 5367503178, 6894202262, 4872669831, 2467183133, 8612965016, 8216296634, 4811426488, 1039435974, 6889947401, 529508755843, +52 984 2769393, 5445992639, 6121512721, 3697104383, 4073547388, 9398913068, 8518125999, 8118952760, 1045853478, 9051475442, 6024180253, 1618603722, 1108955879, 3598400827, 4951182291, 8952626994, 6867212914, 0297845123, 0968264408, 9784797871, 0645029890, 3157563899, 8153067082, 8739011733, +529842769393, 8364527467, 7986809678, 529842769393, 7085446763, 3397344195, 5888180321, 5944486019, 2309620810, 8341867325, 1015471133, 4101503332, 9268860616, 3571192327, 4751235775, 6276703350, 2089424559, 4415260546, 3287390541, 8513858601, 7116338857, 2435589267, 4205006657, 5930445847, 2839480255, 8917388066, 6416139389, 5450717071, 7491787726, 5131847575, 1109674731, 2643896617, 7750691605, 8123309004, 2383623748, 1088280045, 3271749483, 6467498296, 527947952146, 2790263625, 6457680430, 7874321528, 2619218237, 8084862077, 2982233079, 8328722235, 2137144244, 8161905724, 3090217498, 3507674422, 7567729179, 6190908539, 4101575676, 1090391395, 7120582120, 5510403713, 2471997924, 3002634445, 4924080048, 8462658909, 2295366819, 7749532594, 1519308235, 6202098498, 1725412456, 7392823602, 6163459603, 7089578439, 5315567727, 6598989329, 2099362114, 6283741033, 7031245166, 9328229246, 6217498121, 1403744818, 4846191178, 6775419844, 2767588433, 2651007307, 2223511225, 9208190754, 6301895749, 4283866857, 4188861404, 1243085320, 6138609771, 7019339535, 3085163431, 3843524417, 1389993630, 4141819392, 0853979623, 9839545550, 4709815003"
2025 Ultimate Guide to Invest in Tulum Real Estate,https://www.tulumlandandproperty.com/,www.tulumlandandproperty.com,info@tulumlandandproperty.com,"1315888129, 7668942869, 1440603890, 2081165452, 6214038072, 2980313806, 2269263017, 7014780268, 2262179610, 4303096423, 2525202024, 4722614167, 8126951092, 2131474474, 2268406089, 6926300568, 6646738935, 2525202025, 4566157323, 0609922194, 2083333333, 7876938397, 7497384937, 4291098727, 4184100418"
Urban Homes: Desarrollos Inmobiliarios de Lujo en Quintana ...,https://urbanhomes.mx/,urbanhomes.mx,info@urbanhomes.mx,"1765390419, 998 195 7398, 1742265347, 1765390511, 1752276386, 1742265343"
"Inmobiliaria bienes raices, Playa del Carmen - BienesOnline",https://www.bienesonline.mx/inmobiliaria/8198/bienes-raices,www.bienesonline.mx,info@bienesonline.com,"6129413461, 5364413322, 9614396140, 5539013461, 1070129731, 5351813318, 2130406519, 7787634730, 4842213213, 1348792180, 5363613321"
"RE/MAX Mexico - Bienes Raíces, Casas en venta y renta ...",https://remax.com.mx/,remax.com.mx,"contacto@remax.com.mx, franquicias@remax.com.mx","5552923295, 9999999999, 1520580274, 2898399676"
Kuma Tulum: Terrenos Residenciales,https://kumatulum.com/,kumatulum.com,ventas@kumatulum.com,"8086292073, 8055064818, 521999367839, 1765427897, 1765214409"
"Venta de Departamentos en Tulum, Quintana Roo, México.",https://condosentulum.com/desarrollo-inmobiliario-057/,condosentulum.com,contacto@condosentulum.com,"1760405206, 521984116183, 1760405205, +529841161831"
Tulum – Tunich,https://tunichrealestate.com/es/tulum-2/,tunichrealestate.com,contacto@tunichrealestate.com,"1725835560, 1728452025, 1742965037, 1754447882, 1754026087, 1726037351, 1631161126, 1726018493, 1747784479, 984 451 3454, 1728456661, 1725835586, 1646383530, 1729313333, 521555217070, 1759597052, 984 188 1357, 1646625447, 1728607636, 1726022664, 1728488486, 1726023190, 1726022794, 1754024902, 6156558609, 1757977683, 1726019599, 1754025834, 8520681163, 1674672061"
Diseño moderno de casa de playa en Mesoa,https://www.tiktok.com/@ramirezcarbajal.arq/video/7571647105215859976,www.tiktok.com,u002f@ramirezcarbajal.arq,"7135364432, 7133058093, 7078299671, 1664701940, 7435925695, 1812666314, 7120724082, 7449693274, 1650691809, 7387754236, 1765427894, 7135363369, 7096681482, 1650691806, 7183620262, 7582455012, 7460070065, 7449298784, 7382137518, 1650691791, 7078299668, 7460758059, 7078299672, 7078299662, 7096682605, 7135364082, 1650691803, 7078299667, 7133539120, 1650691800, 7078299670, 1650691796, 1650691792, 7078299674, 7078299664, 7096681481, 1650691802, 7078299669, 1650691794, 7460139247, 1765600732, 1691726801, 4842395723, 7078299675, 1657933859, 7078299677, 7582454928, 1650691801, 7460436168, 7078299679, 7078299665, 1617176557, 7387751569, 1650691810, 7135363685, 9085573705, 7460430224, 3669933111, 7078299663, 1650691804, 7078299661, 7460562942, 7571647105, 5169824486, 7460563007, 7078299666, 7078299676, 1256686358, 7078299673, 7460422806, 1765598400, 7078299680, 7184920240, 7571647443, 7078299678, 1650691798, 7133058396, 7460139677, 7571686076, 7416276856, 7210840458, 7096682193, 7135363686, 7133059126, 7387754233, 7133510846, 7323043003, 7076288989, 2025121112, 1762911474"
Tulum - Propiedades en venta | Move Inc Real Estate,https://www.moveinc.com.mx/properties/mexico/quintana-roo/tulum,www.moveinc.com.mx,hola@moveinc.com.mx,"528119417127, +521811941712, 1763493818, 1732666458"
Inicio - GOGAS: Estaciones de servicio,https://gogas.com.mx/,gogas.com.mx,contacto@gruposynergo.com,"1765427897, 1697581582, 1702582219, 1702582217, 2644536267"
OKAN Real Estate,https://www.okanrealestate.com/,www.okanrealestate.com,"atencionaclientes@okanrealestate.com, info@okanrealestate.com","+521998196506, +52 998 196 5066, +52 984 231 6304, +529842316304, +52 984 316 0919, 521998196506"
Bienes Raíces en Playa del Carmen. Casas y Condominios,https://moskito.mx/es/bienes-raices-en-playa-del-carmen/,moskito.mx,sales@moskitopm.com,"1588859256, 1254345331, (984) 803 2582, 0198480325, 2888988917"
Bienes Raíces Playa del Carmen,https://junglerealtor.com/es/propiedades-en-playa-del-carmen/page/3/?sortBy,junglerealtor.com,info@junglerealtor.com,"1761235404, 1762538163, 1721673940, 1753185043, 1753187109, 1761863304, 1753184986, 1762538165, 1757525172, 1747866995, 1734013232, +521984187875, 1761235700, +529841361005, 1754551306, 1753185711, 1753186739, 521984136100"
"Playa del Carmen, Cancun & Tulum Real Estate",https://pimrivieramaya.com/,pimrivieramaya.com,hola@pimrivieramaya.com,"9841147343, 5004895241, +529841147343"
ROYAL CASA,https://www.royalcasa.com.mx/,www.royalcasa.com.mx,info@royalcasa.com.mx,"9069384037, 9069449128, 1711725745, 6173035774, 5414660547, 1391896575, 1818069528, 4702913617, 7099120069, 5430508841, 4043446439, 9034250095, 8392641000, 0590718584, +52 984 147 3109, +52 984 113 2262, 8328775039, 8186308201, 6462124288, 4504779553, 3984388616, 9317925371, 9526797029, 0517987754, 4574766351, 8502612928, 1944212559, 3349590311, 6781326109, 8383864063, 1884680744, 529841132262, 3337306216, 8704343142, 7353378704, 6650968413, 1557539689, 5853728941, 2271619011, 4107946915, 0917202211, 3142046494, 4599701296, 1600372293, 3972606566, 4504407858"
Newest Playa Del Carmen Real Estate Listings. The perfect ...,https://buyplaya.co/es/playa-del-carmen-bienes-raices/playa-del-carmen-bienes-raices/,buyplaya.co,rob@buyplaya.com,"0449841154, 5188745053, 984 803 2487, 9848032487, 5182501269"
Guía para invertir en Playa del Carmen,https://www.desur.mx/guia-inversion-playa-del-carmen,www.desur.mx,"ventas@desur.mx, sales@desur.mx","6362421612, 6362588578, 6362507347, 1742562964, (999) 454 1906, 6362506957, 1742691900, 1646278865, 1742691909, 1646279582, 6489330896, 1742691893, 6362486159, 1643609096, 1765113744, 6362315691, 1742691889, 1641925648, 1742691894, 1646279624, 1742562960, 1643036158, 1646277973, 1641926640, 1646278640, 1646278509, 6759776384, 1641925656, 4571420809, 1643352272, 6362492291, 1643352313, 1643036492, 1643232677, 1742562955, (999) 938 1560, 1742562953, 6362594772, 1646279728, 1646280145, (984) 195 5002, 1742691907"
desarrollos en Tulum,https://blog.grupoemerita.com/topic/desarrollos-en-tulum?hsLang=es-mx,blog.grupoemerita.com,hola@grupoemerita.com.mx,"1565104636, 1565104624, 1764172944, 5778387677, 1441656088, 1526360768, 5777521934, 1518119339, 5778383509, 6668877323, 1741435389, 5812576576, 5696213151, (999) 335 7926, 1741435400, 1796169600, 1764649582, 1405984616, 1741471977, 1741472007, 1041293707"
"Property for Sale in Cancún, Quintana Roo",https://www.realtor.com/international/mx/cancun-quintana-roo/,www.realtor.com,"sf.info@rea-group.com, customercare@iproperty.com.my, wsfcpdub@mailparser.io, u003ecustomercare@iproperty.com.my, 123@abc.com","3101040990, 8499307303, +52 998 845 6074, 3101025663, 5738224748, 3101041143, 5567062741, 9871869784, +52 984 169 3231, 6017943910, 6938758637, 4001483658, 1868819272, +52 984 1693231, 3101022489, 1473478348, 0576555927, 0035755866, +52 998 303 1774, 4629089804, 0161353357, 4495735314, 8873647872, 52 9983031774, 0532444175, 9988456074, 1615581822, 0235230788, 7252647018, +52 998 131 7384, 3101041136, 2282089150, 3101040989, 2181043580, 5989054391, 8032926906, 0793613715, 9981317384, 9774914135, 8230447079, 1919887166, 3101040988, 3101041145, 4879114514, 8979297443, 3101041152, 4653758008, 3174400886, 0291685852, 0499053214, 6117923132, 3101041159, 9600166571, 3101040994, 7702521519, 3875481086, 7868623794, 3101041154, 0799417947, 6393346359, 2460182068, 0941820122, 017 943 9107, 6036419518, 9837850523, 3101040993, 3101041150, 3101040992, 6966432954, 9015671864, 3101040991, 3832927637, 9744472165, 9308232341, 3101030255, 3994357944, 2619477762, 3101041146"
RE/MAX Playa - Inmobiliaria,https://playa.remax.com.mx/,playa.remax.com.mx,remaxplaya@gmail.com,"3801291819, 9848762177, 1764352595, 1764352596, 5089476564, 2389347512, 1681854925"
Bienes Raices en Playa del Carmen - Where To Go Playa,https://www.wheretogo.com.mx/bienes-reaices-playa-del-carmen.html,www.wheretogo.com.mx,info@wheretogo.com.mx,"1502315813, 984 100 7533, 2538877629, 984 100 7534"
Arquitectos - Playa del Carmen,https://playaoferta.com/arquitectos/,playaoferta.com,playaoferta@gmail.com,"984 147 1259, 984 311 6588, 3053914031, 984 222 1927, 2127075195, 1382563710, 3095458623, 984 876 2335, 0000000000, 0000008180, 9841282306, 984 206 2154, 2388875966, 984 135 4813, 2644536267, 4875738653"
CENTURY 21 CARIBBEAN PARADISE,https://www.c21caribbean.com/,www.c21caribbean.com,info@c21caribbean.com,"+521998241711, 9069384037, 6825436865, 5430508841, 9295323590, 8392641000, 0590718584, 2794374400, 1054465902, 521998241711, 3984388616, 3996092605, 4994618402, 9221655627, 4421213023, 998 267 7811, 9570105035, 4161742701, 1557539689, 9056776184, 3434980091, 7370316366, 4599701296, 3123223446"
Remax Maya - Riviera Maya Real Estate,https://remaxmaya.com/,remaxmaya.com,info@remaxmaya.com,"6274440166, 0721770474, 3849680060, 0630193380, 6370875348, 6394647768, 6411616763, 6318399066, 0706008637, 0644202485, 8954185760, 6349545851, 0959472300, 0956446361, 8479449097, 1874122584, 2120796629, 1007315420, 0722437827, 0713844517, 6152483871, 6295280809, 6317184187, 6967606527, 6171521132, 6389703208, 3342753662, 6261366404, 3840820509, 6855589908, 0675155604, 0784130658, 3841788265, 0644971853, 0654410455, 4623902441, 3856659161, 0748506071, 2223693941, 0713615922, 6931063339, 0502643522, 6960953865, 1751385685, 6349937397, 3355504049, 0901948213, 6395137012, 6247181829, 6274756648, 3363699720, 6378178306, 0732185825, 4590649585, 8666786287, 0649792879, 1170592586, 6309049212, 1969357360, 1962178815, 0786963879, 2881042957, 6371334989, 0981201735, 6359509878, 2014761014, 8729208723, 1501228875, 2082206311, 0876105795, 2154087310, 6294662375, 0639262360, 8730422619, 0637386889, 4653622975, 3365698407, 3836104526, 8551044852, 6164100673, 0629897230, 3834225118, 3239570766, 6312334905, 8443728491, 4500410567, 1000000000, 6389700235, 0726297051, 2102393671, 3848912470, 0799540502, 4653216849, 0667478154, 3815638116, 2269363359, 8551300917, 6369923538, 4653918993, 6369055590, 3822008544, 6183718821, 8023507429, 2996468060, 6278135826, 1315168364, 0680143548, 6349093514, 6318953536, 0653572166, 0773633001, 6411834929, 1197253210, 4617823637, 0480131250, 0683328100, 3358539630, 6660257062, 5036581541, 3385567860, 0773961384, 0351095341, 0698036374, 3757951410, 5070739496, 1673582497, 3849122947, 1668811169, 6235800115, 6174397116, 6536101838, 6156317429, 6279488502, 0448850803, 3243285479, 6327556068, 0761165495, 6172304614, 1960917862, 0704937698, 0856887339, 0507632933, 0801318886, 6373538029, 4473611293, 0720976202, 4281381269, 8666182706, 0461408384, 0844140340, 3354137551, 6259663949, 6546388421, 0874517764, 5039298785, 0698688251, 1208407943, 4618908966, 6332976708, 6293583239, 1501230515, 3757013602, 6225003547, 6318500968, 6100718980, 6266154633, 3341034933, 0657331322, 1707449984, 0930820304, 0626946922, 8955720222, 0629163157, 4756829885, 1765427901, 3366533794, 6371532448, 8796623610, 1501228860, 1013960205, 0786090875, 4703579482, 0685916243, 6106084759, 3353453064, 6368019824, 0711921717, 8965166532, 2180842767, 2025177593, 9045669713, 8554486890, 3352638750, 6212375392, 6119001905, 6379500005, 6334001317, 6965756009, 1501227213, 6182051283, 6160916737, 6340667030, 0654715555, 6381818852, 0699513153, 0634593198, 3844807716, 0968465168, 0521290253, 0698688944"
Arquitectos Ingenieros y Asociados - Playa del Carmen,https://playa-del-carmen.infoisinfo.com.mx/ficha/arquitectos_ingenieros_y_asociados/2887068,playa-del-carmen.infoisinfo.com.mx,"hfhnevbf@vasbvfvasb.pbz.zk, usuarios@infoisinfo.es","6891531954, 1141255556, 1043964546, 8818026892, 4222711555, 5144291158, 9574490750, 8097757552, 7173259555, 3538977080"
Beneficios de invertir en bienes raíces en Playa del Carmen,https://www.acudesarrollos.com/blog/beneficios-de-invertir-en-bienes-ra%C3%ADces-en-playa-del-carmen,www.acudesarrollos.com,"admin@acudesarrollos.com, ventas@almaizamal.com, info@acudesarrollos.com","1721412280, (999) 442 7675, 1721411913, 1744240468, 5779992355, 1744253115, 1744240459, 5779710702, 5780074089, 984 108 6347, 1635990953, 5779924921, 1744240438, 1744240435, (999) 366 6490, 1765101021, 1744253111, 5779663676, 1628699835, 1492832605, 5779922928, 5779691969, 1628865156, 1744240450, 1744253108, 1628806946, 1744253114, 1635898901, 5897933347, 5780068875, 5779933901, 5780005102, 1744240465, (984) 108 6347"
Bienes Raíces Playa - Inmobiliaria | Playa del Carmen,https://bienes-raices-playa.ueniweb.com/,bienes-raices-playa.ueniweb.com,jhonnys@live.com.mx,"2864292527, 984 157 4954, 6004012620, 1547133232, 3660777515, 2863242835, 3131353660, 3596558657, 2026317807, 3571428572, 1724600676, 2036683724, 9999999999, 1523888131, +529841574954, 2620366835, +52 984 157 4954, 1202795440, 1547133240, 6244560075, 1547133223, 2000000000, 4143004356, 4446414040, 5714285715, 1428571429, 1532017309, 2857142857, 5714285714, 2036607775, 1002385248"
Proyectos Inmobiliarios en Tulum,https://bluecaribbeanproperties.com/es/desarrollos/mexico/tulum/,bluecaribbeanproperties.com,sales@bluecaribbeanproperties.com,"1829243312, 1764008254, 1616344258, 1809604255, 1764008255, +52 984 267 9536, +529842679536, 0000000000, 1765402509, 5989576151, 1999999999, 1809566258"
Playa Maya Inmobiliaria,https://playamayainmobiliaria.com.mx/,playamayainmobiliaria.com.mx,contacto@playamayainmobiliaria.com.mx,"4835225285, +529842314284, +521984157971, 2024120212, 2024110418, 2025051318, 6486788799, 1706197111, +52 9842314284"
PLAYA HOME REAL ESTATE,https://www.inmobiliaria-tulum.com/,www.inmobiliaria-tulum.com,info@playa-home.com,"9069384037, 2615214231, 9294362949, 5036282305, 523940675287, 6629866310, 5351009398, 7106747404, 3629344607, 1539825686, 4302340563, 5430508841, 1999960595, 2930304036, 9160981314, 5466506957, 529841523828, 8392641000, 0590718584, 7735715967, 9454721885, 2073193342, 4877320391, 2794374400, 7422605976, 7062737080, 4494671787, 3984388616, 7581231900, 9924918863, 6891870659, 4994618402, 9557914899, 9221655627, 0212291821, 2884941515, 4421213023, 6156696258, 1702438265, 4161742701, 524899494495, 0121154563, 1221590026, 3426158603, 5141048088, 1557539689, 527985166566, +529841523828, 3434980091, 4184208873, 1448391038, 9834313152, 9468172988, 4599701296, 5784891778, 6819965621, 4525309183, 3123223446"
Casas en Venta Playa Del Carmen |Bienvenido a ...,https://www.compraplaya.net/,www.compraplaya.net,casasenventaplayadelcarmen@gmail.com,"1752597717, 1763493818, 1697144961, 1699112401"
Departamentos y Casas en Venta en Playa del Carmen - Vinte,https://www.vinte.com.mx/playa-del-carmen,www.vinte.com.mx,"redes.sociales@vinte.com, hola@jardinesdeciudadmayakoba.com, hola@vinte.com","1439515847, 525539046593, 6961468858, 8009991074, 8008413606"
"JUST JO! : Arquitectos en Playa del Carmen, Quintana Roo ...",https://www.homify.com.mx/profesionales/6369131/just-jo,www.homify.com.mx,"u003eprivacy@homify.com, privacy@homify.com","353630 4421, 174941 9802, 870755 7130, 2611372584, 1550514996, 1203712225, 552 9936664, 1587510600, 824507 9395, 9842055608, 1453035398, 1581221979, 674258 1075, 0885189999, 415 5815901, 039 8957380, 991683 9641, 240 5413749, 406 9653525, 598 5058387, 787052 8604, 295425 2906, 768327 5991, 875110 8603, 1583176009, 1587511435, 547312 9155, 316932 8182, 717611 1218, 1583176005, 455807 8358, 886091 4050, 274 9758054, 825 9873180, 131933 1108"
Bienes raíces de lujo en Playa del Carmen,https://www.jungleluxuryrealestate.com/es/playa-del-carmen,www.jungleluxuryrealestate.com,info@junglerealtor.com,+529841878759
Biagi Real Estate | Asesores Inmobiliarios en la Riviera Maya,https://www.biagirealestate.com/,www.biagirealestate.com,info@template.com,"1555555555, 3019649076, 8504382602, 1161104235, 4791666666, 4591615118"
Ventas,https://www.tipibienesraices.com/properties/mexico/quintana-roo/playa-del-carmen?ln=86356,www.tipibienesraices.com,ventas@tipibienesraices.com.mx,"1763493818, 4003164203, 1544122502, 0529872176, 1669654749, (999) 688 9681, 1705429058, 1679418680, 529993698580, +529999005068, 1679416182, 6580294141"
Propiedades en venta y renta en México,https://www.mercadolibre.com.mx/c/inmuebles,www.mercadolibre.com.mx,"logo_large_plus@2x.webp, pt_logo_large_plus@2x.webp","8706604210, 7563836960, 0714285714, 1675318975, 7142857143, 5051024150, 1835116111, 5382823485, 0705882353, 8336518758, 9319176196, 1735932903, 5120103584, 4285714286, 5438397083, 8031343103, 1734709494, 1765427903, 7113272226, 8571428571, 8155724620, 0000000000, 8009775222, 7337127730, 5120103374, 3333333333, 8007224900, 7865403264, 7563837720, 1681915599, 9289079912, 8854060863, 8065892204, 9164224374, 9159622196, 1735932910, 1681915601, 2222222222, 8446874228, 7328123844, 8684207489, 4649329105, 1428571429, 7692307692, 5051024177, 8286862674, 0555555556, 7979563661, 7563838667, 5120105627, 4615384615, 7777777778, 9306827526, 6666666667, 5490196078, 5051029519, 9122200293, 8030662630, 5051013084, 5051029523, 6666666666, 2857142857, 5051029409, 7328123754, 8507709557, 8739618687, 7213701221, 8126532907, 3517421516, 7337118038, 9089336391, 8315702424, 5438241451, 1734709485, 5382823445, 1111111111, 8315702448, 8980392157, 1666666667, 5714285714, 2147483640, 6153846154, 5382801195, 9650794342, 9161826566"
Playa Realtors,https://www.playarealtors.com.mx/,www.playarealtors.com.mx,hola@playarealtors.co,"9069384037, 9592782168, 9648178999, 5430508841, 8392641000, 0590718584, 529841865453, 2794374400, 3984388616, 8502612928, 4994618402, 9221655627, 1785158816, 4421213023, +529841865453, 4161742701, 8105614999, 1557539689, 3434980091, 1366159443, 4599701296, 3123223446"
The Agency Playa del Carmen experts in Real Estate,https://bestcaribbeanproperty.com/,bestcaribbeanproperty.com,jsanchez@bestcaribbeanproperty.com,"1764458792, 1170634421, 521984153659, 1032686280, +529841854959, 6666666667, 1348044707, 9749279802, 1050849229, 2094887340, 0424509935, +529841536597, 2147483647, 2336096229, 6622052777, 1000000000"
Bienes Raíces en Playa del Carmen - Riviera Maya,https://rivieramaya.today/bienes-raices-en-playa-del-carmen/,rivieramaya.today,carlos@rivieramaya.today,"6829781023, 529842330776, 1764579400, 6832208881"
Bienes Raíces en Playa del Carmen - mktDesarrollos,https://mktdesarrollos.com/bienes-raices/playa-del-carmen/,mktdesarrollos.com,hola@mktdesarrollos.com,"1737301891, 1145572400, 7859751667, 1580113148, 6565701016"
REMAX Playa del Carmen,https://www.remaxplaya.com/,www.remaxplaya.com,remaxplaya@gmail.com,"1763493818, 984 876 2177, 1755810194, 1738087805, 1744051756, 529848762177"
Departamentos y Casas en Quintana Roo,https://ara.com.mx/desarrollos/quintana-roo,ara.com.mx,"contacto@ara.com.mx, lineara@ara.com.mx","+528005463272, 6479654712, 866 257 0025, 1866257002, 1577431729, +52 800 546 3272, 0955688907, +52 800 022 0581, +528000220581, 8888631711, 9175029266"
Buró Comercial | PROFECO,https://burocomercial.profeco.gob.mx/,burocomercial.profeco.gob.mx,"comportamientocomercial@profeco.gob.mx, repep@profeco.gob.mx, quejastelecomunicaciones@profeco.gob.mx","800 4688722, 5555688722, 8004688722"
Bienes Raíces,https://www.elnuevodia.com/negocios/bienes-raices,www.elnuevodia.com,"apoyo@elnuevodia.com, maricarmen.rivera@gfrmedia.com, redaccion@gfrmedia.com, erik@helloerik.com, 2a34e5c3-fd2a-4d0f-a1b9-8f0fbeb19bab_8f621175-f173-4ca9-92e4-a7a528fea6ca@unq.gbl.spaces, marian.diaz@gfrmedia.com, sharon.perez@gfrmedia.com, comentarios@elnuevodia.com, itzel.rivera@gfrmedia.com, efrain.montalban@gfrmedia.com","2025120813, 1977518036, 2025101016, 2144544343, 1765427906, 2025111921, 1614360605, 0455352716, 1765427468, 2025111320, 2025090421, 4130680055, 9287532229, 1765427275, 1765427166, 7876418800, 6051708054, 2025112714, 2025082921, 8832072412, 1704988535, 5996048750, 2850258907, 7398904460, 1163366497, 1765427466"
CBI Real Estate | Bienes Raíces | México Cancún Tulum ...,https://www.cbicancun.com/,www.cbicancun.com,cbi.rafael.jr@gmail.com,"2545352419, 7371649621, 2110694603, 4534864378, 5529751017, 8515279000, 1765321163, 2147483647, 521477274777, 521553953133, 1765321164, 521998147239, 5539531336"
The Agency Riviera Maya | Real Estate Playa del Carmen ...,https://theagencyrerivieramaya.com/,theagencyrerivieramaya.com,sales@theagencyrm.com,"1666979795, +52 984 593 3150, 52 984 176 4969, +52 322 262 9551, 1598751202, +52 984 111 2471, 984 111 2471, 984 246 9729, +52 984 877 7383, +52 984 313 0369, 5593835188, 8469098909, +52 984 203 3947, 416 230 3350"
Agencia Inmobiliaria en Cancun | The Brokers Real Estate,https://thebrokerscun.com/,thebrokerscun.com,info@thebrokers.mx,"2857142857, 9008948026, 8571428571, +529984324991, 1704404324, 3114286775, 1000901671, 998 432 4991"
Palma Real Properties | Cancun,https://palmarealtors.com/,palmarealtors.com,info@palmarealprop.com,"1391832906, 1619571573, 3120273447, 0030275842, 9580606390, 2502538896, 1026087036, 3734907797, 8090706757, 5076221182, 6949389758, 1494899997, 4581867150, 7689984730, 8463149071, 8459259271, 0526988096, 1001914309, 8595605782, 8204217843, 9090615685, 9017913665, 1700412375, 2138690064, 1800856921, 1000713381, 1535924708, 8114739350, 0454494451, 7594605378, 7631727150, 9155420274, 1616770079, 6903622351, 4779706887, 2168536178, 4988388117, 1477889418, 1935348789, 1147044857, 7975720702, 8132549218, 1532196639, 3678069309, 1163058393, 8215804985, 1365664731, 4099033126, 1973655790, 1439064541, 8240266732, 1761141533, 1326601294, 8232890657, 2338763693, 1206308431, 1000713392, 7471652916, 4763828209, 0819264344, 1399438101, 5059536773, 8218162514, 1668991523, 6620154860, 8440252236, 0551819362, 4968490020, 7764979294, 2100844788, 1045154687, 9055259887, 9011026314, 1199688706, 1775246211, 7652326516, 8346623636, 2014290537, 1206308234, 0730644158, 8060022286, 7425886086, 1734012179, 6651073857, 7609733036, 0659096232, 2218519143, 1768961517, 8436899475, 8705469063, 5479017191, 6167569335, 1764203545, 6466610550, 8141561440, 7150690714, 1311538173, 7552762917, 8696347578, 9841161252, 2349840096, 1108611666, 1611367185, 2848291467, 4992206914, 1759353235, 0567438817, 0400571516, 1526243198, 7681723526, 8713622979, 8226962975, 3467259937, 0780855111, 7619868434, 4817485724, 1207240474, 1813061869, 7658522622, 5537054021, 8501192025, 8200140885, 1000713394, 7608801941, 4469750813, 4988187127, 2129554996, 0981094418, 9982524817, 8074184349, 1862193202, 6421410132, 8215402654, 8761473587, 8967252663, 8216234139, 5050492635, 7655974320, 8057447365, 8090921334, 2705968169, 2347694329, 7653184823, 0677321843, 8348961818, 1207240261, 1230913833, 7685800484, 1550433175, 8461709908, 1150447748, 7478787592, 6363906705, 9433313302, 6184009551, 5004693309, 0921335707, 8993107013, 8199926308, 1206308608, 7574864319, 4121231044, 8063455513, 8282752922, 2000999605, 0850563069, 2319378311, 3927347120, 1597977601, 2747341200, 4752455643, 1730311906, 9265656989, 1126026829, 8529516152, 8992806324, 8112593583, 1017563657, 1352730396, 4659347534, 0558127239, 0761114052, 1784450111, 8315797738, 1169463759, 8211728028, 1738079879, 2168200901, 7642295054, 8204432419, 0748024872, 998 131 7384, 8337255410, 5052364274, 1567142751, 1597209507, 4540239266, 1551008508, 6375810523, 2408980830, 2406661999, 0804213673, 7642026833, 6311231516, 4571574427, 8750101021, 1000713386, 8280607155, 7385141501, 8493467263, 1207240511, 8627363137, 8028157643, 8481129101, 8066888741, 5604540915, 9983721234, 7657154492, 7644172600, 2100074736, 1309236468, 9409545586, 1148145793, 2222569472, 1207240318, 0618983797, 8506985596, 7726999215, 8277173928, 8085771492, 1217302961, 1206210794, 8412786416, 1727736083, 7638097354, 3233434248, 6277092490, 8459439406, 1361711946, 52 998 131 7384, 8020111016, 7657261780, 0841019556, 8537546015, 1618921226, 1518039192, 8400662831, 1469415736, 8341546944, 1607965352, 8992856439, +52 998 303 1774, 1340997176, 3962007747, 0872264794, 8100577286, 1481891925, 9793516691, 8523808224, 1207240184, 7642127416, 2473764788, 3956724099, 2554250649, 1937306509, 8642813372, 8053155831, 1207240504, 8154677442, 2251160836, 8994861032, 1000713376, 1207240038, 8268376282, 3823761215, 8433871381, 1940987618, 1938106762, 8177315286, 1716313953, 1400538850, 2062021836, 1606064325, 1963314531, 7033587675, 8325239113, 5724951426, 2019324952, 2575769894, 1218704086, 8333339385, 1207240471, 8064313820, 1678801900, 5147825553, 8259685925, 1500203256, 1715960792, 2677244656, 8393886900, 0546212339, 7768151747, 2235199491, 1974820163, 8200832064, 8528872422, 7149358681, 2215233437, 5945928856, 2179788044, 0327239922, 1727736137, 7002984045, 1542228405, 8309990755, 9464567169, 1206308351, 4715977601, 2842932046, 1984120620, 8538561902, 7820340088, 1788065450, 7830854348, 8219399146, 9093283281, 2056139433, 7688482693, 6121348575, 1477088915, 1737447899, 7657047203, 8035560540, 2584061413, 0633440903, 1568518531, 1333795098, 8035024098, 1230879138, 1853598174, 1481091424, 1642383533, 1483492925, 1076383066, 0973887465, 8208509377, 7809396676, 6711730483, 1636730602, 4548822335, 1206308288, 1587954414, 6343060447, 1039549524, 8983989647, 1043152845, 1000713380, 1307772883, 8338811091, 4841643806, 0541406301, 6176496624, 6168344549, 1206308281, 1238058441, 2408180832, 9617891748, 0721622074, 1492148299, 2160755354, 0566037078, 8809324196, 1073580546, 1518314240, 8473726204, 8026520143, +52 998 131 7384, 2373162973, 8070321969, 1281553186, 8102079323, 8195621363, 1752655634, 0450406960, 0816045693, 8298738888, 8091779641, 6354004626, 0734636813, 6359225675, 6364308649, 1133333129, 8536382607, 3964644046, 8492608956, 8028062652, 1026187130, 7820554665, 8019681862, 8707174489, 8186837128, 3276489666, 5526906703, 8544965676, 1507807895, 0422852471, 2296839646, 1500303317, 1000713378, 6711956341, 8535524300, 1146044005, 1814462431, 1566342297, 1612968045, 8992655979, 3110278021, 1516171819, 2391371436, 1756938936, 1507907956, 0275956086, 8254562906, 1555201693, 6698234635, 8802243164, 0552620364, 1634379377, 8670278481, 8670707634, 1360210885, 1426368685, 998 372 1234, 1282553946, 1560739104, 8425231865, 1565341728, 1669597343, 1677601309, 1000713391, 2205668009, 1206210828, 8233400277, 0401912621, 4475222519, 8712764672, 8255179814, 8029931254, 7832123029"
la mejor agencia inmobiliaria cancún,https://balamhomes.com/mejor-agencia-de-real-estate-inmobiliaria-cancun,balamhomes.com,info@balamhomes.com,"9411764705, 2457302882, +52 998 925 6553, 4444444444, 0714285714, 1743130921, 1750131169, 6339869281, 8536585365, 3888888888, 6143790849, 2908496732, 8169934640, 1765424738, 7777777777, 6111111111, 1743130349, 1743125792, 1646933972, 5359477124, 1666666666, 5522875816, 8366013071, 8006535947, 1744151581, 1743129941, 7804878048, 5555555555, 9869281045, 5163398692, 8888888888, 1750130926, 2287581699, 6830065359, 1743129837, 8414634146, 1405228758, 3071895424, 2222222222, 4967320261, 2320261437, 4210526315, 1765424748, 2777777777, 1045751633, 1744159174, 1744164227, 4248366013, 4575163398, 8333333333, 1743127465, 1743131181, 5365853658, 0555555555, 4150326797, 1743130582, 5849673202, 1744174968, 1603418242, 1743130434, 3780487804, 5718954248, 6241830065, 1699456031, 2254901960, 0882352941, 8039215686, 2450980392, 0718954248, 1743128260, 1743629387, 1744255148, 1699346405, 7352941176, 7222222222, 7156862745, 6666666666, 2857142857, 1743128618, 4084967320, 1743129213, 1465322625, 4024390243, 1743129635, 1743125438, 9705882352, 1558203728, 1862745098, 0731707317, 7973856209, 6601307189, 1744948011, 5326797385, 1743130143, 1633986928, 3562091503, 1618404399, 1744084557, 1752551781, 2195121951, 6797385620, 6452217314, 1730747772, 7712418300, 1743647644, 0816993464, 2317073170, 1744154498, 1111111111, 6535947712, 0228758169, 9989256553, 9803921568, 1437908496, 7058823529, 5751633986"
Agencia Inmobiliaria en Cancún de Lujo,https://carpentergroup.com.mx/,carpentergroup.com.mx,ventas@carpentergroup.com.mx,"9999999999, 9981032881, 4909090909, 6666666667, 9982095895, 1764872721, 2666666666, 521998103288, 3333333333, 1765394734"
Naj Ha Cancun Real Estate: Agencia Real Estate en Cancun,https://najhacancunrealestate.com/,najhacancunrealestate.com,belinda@najhacancunrealestate.com,"+52 998 229 1356, 6332837858, 1721951159, 7429876108"
RAICES REAL ESTATE - Cancún,https://www.raicesrealestate.com/,www.raicesrealestate.com,info@raicesrealestate.com,"2018121220, 529988456906"
Lemmus Inver Mexico Real Estate,https://lemmusrealestate.com/,lemmusrealestate.com,ventas@lemmus.com,"9988832010, 6483181001, 1258972020, 1568146957, 998 883 2010, 521998845062, 8308271646, 998 845 0626, 9988450626"
Real Estate Marketing Agency - PL Creative ...,https://paulanda.com/es/agencia-marketing-inmobiliario/,paulanda.com,marketing@paulanda.com,"4326618879, 7160731457, 4613789749, 0454458182, 6355795752, 8411379638, 1675695032, 4222840356, 1747297049, 1746787230, 521998291840"
Christie's International Real Estate Mexico Luxury Properties,https://www.christiesrealestatemexico.com/,www.christiesrealestatemexico.com,contact@christiesrealestatemexico.com,"3431262429, 3530252728, 2528703530, 1765421596, 1742235920, 1765385919, +529842171713, 3025777260, 3431232327, 2222222835, 2063667474, 6875706263, 3763667475, 2225283530, 7062636668, 2323242934, 6267687570, 7772606064, 2326283530, 3663667474, 2328353022, 2063667475, 3277726060, 6366747775, 2227293431, 6468302775, 2538347772, 2977726061, 7772606067, 1765421597, 3530222322, 2233393574, 1761227743, 7570626263, 3938393370, 7772606169, 2429343123, 3477726866, 3124262934, 3530222223, 1765385918, 3124266366, 3939393365, 2577726866, 3431232326, 3123232429, 2628353022, 2228353027, 3431232223, 6263626832, 6366747570, 7734312320, 2728353022, 2428673530, 6366747475, 6366747474, 2223222872, 2229343123, 1742235924, 1742235927, 3431232324, 6875706262, 6366747571, 7065676830, 529842171713, 2835302222, 6366747574, 6035302222, 3620757062, 6366747471, 2227297134, 1765230819, 6668202775, 5177726868, 2835302221, 7062626568, 6366747470, 7772606060, 2973713431, 2961667334, 2322232961, 3935376529, 2628613530, 2934312322, 3123232329, 2867727067, 2835302223, 7772606065, 2463667474, 2426786574, 6668273275, 7570626267, 2329343123, 7772606168, 3932283329, 7570626362, 3239233877, 2934312323, 7772606160"
Puerto Cancun Real Estate Agents - Free Service & No ...,https://caribeluxuryhomes.com/puerto-cancun-real-estate-agents/,caribeluxuryhomes.com,info@caribeluxuryhomes.com,"1079014993, 7383830547, 1317224985, 6118189183, 1744832677, 5643615133, 2147483647, 1765399335, 1999999999, 3327636718, 1765406510, 9999995559"
eproperties,https://eproperties.mx/,eproperties.mx,info@eproperties.mx,"+52 (998) 146 5154, 2972530424, 1735671310, +529981465154, 521998187823, 1764800408, 1763570413, +529981878235, 1744049174, 1763570412, 1765386871, +52 998 187 8235, 1765417606"
C21 Elite Advisors,https://www.c21eliteadvisors.com/,www.c21eliteadvisors.com,info@c21eliteadvisors.com,"+529982953505, +52 998 295 3505, 1557539689, 5430508841, 9069384037, 4994618402, 4161742701, 3434980091, 9221655627, 8392641000, 0590718584, 2794374400, 4599701296, 4421213023, 3984388616, 529982953505, 3123223446"
MAR Estate Experts,https://www.marestateexperts.com/,www.marestateexperts.com,mar@marestateexperts.com,"1196866159, 9069384037, 8566846587, 4376377796, 1953493711, 1745138228, 0557364242, 5386890354, 1197067156, 5430508841, 3249328823, 6998256927, 8392641000, 0590718584, 8869094392, 2794374400, 9529310587, 3984388616, 0828101325, 2710901677, 1564459705, 9448072425, 7498199843, 4308593624, 6345951087, 4994618402, 6199625693, 9221655627, 9121479859, 1242744019, 1003256386, 9619039584, 4912325548, 4421213023, 529981815430, 1621435454, 4223166431, 9981312698, 6549561279, 4161742701, 1557539689, 1141836987, 0551306889, 6474018333, 3434980091, 9943745248, 2758539791, 4599701296, 0054982290, 2143973940, 3123223446"
Ohana Real Estate,https://www.ohanarealestate.com.mx/,www.ohanarealestate.com.mx,theohanarealestate@gmail.com,"563 908 9937, 525639089937"
"Selva & Co Realty: Houses, Condos and Lots for sale in ...",https://www.selvacorealty.com/,www.selvacorealty.com,info@selvacorealty.com,"525629597420, 805 308 2900, +525541701000, 7180145754, 1805308290"
Engel & Völkers | Playa del Carmen,https://playadelcarmen.evrealestate.com/,playadelcarmen.evrealestate.com,"playadelcarmen@engelvoelkers.com, playadelcarmen@evrealestate.com, carlo.toluzzi@engelvoelkers.com, ines.gehrcken@engelvoelkers.com, isabelle.rosa@engelvoelkers.com, juan.morenovalle@engelvoelkers.com, monica.castelan@engelvoelkers.com, alex.barrera@engelvoelkers.com, roel.mertens@engelvoelkers.com, nicholas.danis@engelvoelkers.com, alan.villegas@engelvoelkers.com","2394720207, 8445793109, 3419902337, 1797752808, 5611015974, 1765426427, 0534635315, +529981898897, 7323983343, +529841663784, 4577282882, +529841466471, +524441747514, 8659217877, +529841318979, 4700540983, +529841255317, 6666666666, 529841318979, +526642015818, 2966860742, 4927856687"
mycasa.mx | International Property Experts | Riviera Maya,https://mycasa.mx/,mycasa.mx,info@mycasa.mx,"1675284076, 521984137763, 984 137 7639, +521984137763, 1879720192, +529841163959"
Aterrier,https://www.aterrierinmobiliaria.com/,www.aterrierinmobiliaria.com,contacto@aterrierinmobiliaria.com,9982570318
Luxury & Sustainable Real Estate in Mexico | Nomad Realty ...,https://nomadrealty.club/es-mx?srsltid=AfmBOoqM2D6uNGXqJZlFhbGsZNNHGrNzTYvB_-jPy-626U-S1K6jzBMO,nomadrealty.club,info@nomadrealty.club,"0771838501, 9435850561, 1887486381, 1589583984, 6539241214, 8661469004, 3579297601, 5045749544, 1721154816, 9076543285, 7017274501, 1449689850, 1403931187, 1335082931, 7086327931, 6127815910, 1206200948, 2004852617, 1011088966, 1720021942, 1689279214, 1118700948, 3792938221, 7360139101, 1784752717, 8856620671, 1809642043, 1639329919, 6789696649, 7655853621, 8715669131, 2751508451, 8066821582, 2419491240, 1689279938, 1138297222, 8855812891, 3838700835, 1203415465, 1720296165, 1721150812, 3266424991, 1721150861, 8813491356, 8567037191, 1634586217, 0539253949, 1519685161, 1034004541, 8575138840, 7874576990, 6925396141, 1795777624, 5867715061, 1583577735, 1329837617, 1441766116, 2736283948, 5411636185, 1568339663, 2776399951, 8669165224, 1967872899, 6786059041, 1721147556, 1552501263, 6052823664, 1248191793, 1651647109, 1784752721, 2027980718, 1189233374, 5855820603, 0345892421, 1718911720, +529981214904, 1720039246, 4639527535, 4727253280, 1273846140, 1721152287, 1638386251, 5604516683, 521206665417, 8661501247, 7929784792, 1106954083, 1721150253, 1765427918, 1331295492, 6235556501, 1622732460, 1784752671, 1420300454, 1721150776, 6139061627, 0581004972, 1145496194, 8660832026, 2558167353, 3505836701, 8660814528, 1718911721, 2981934991, 1720039854, 6241047071, 1365311626"
PROPERTIES CANCÚN,https://www.propertiescancun.com/,www.propertiescancun.com,hola@propertiescancun.com,"+529988501595, (998) 850 1595, 529988501595, +52 998 260 8791"
ISLAND REAL ESTATE GROUP,https://www.islandrealestategroup.com/,www.islandrealestategroup.com,contacto@islandrealestategroup.com,"998 626 1603, 1557539689, 5430508841, 9069384037, 4994618402, 4161742701, 529984844409, 3434980091, 9221655627, 8392641000, 0590718584, 2794374400, 4599701296, 4421213023, 3984388616, 3123223446, +52 998 484 4409"
4S Real Estate: Consultoría inmobiliaria | 20 años de ...,https://4srealestate.com/es/,4srealestate.com,"paulina.guemez@4srealestate.com, juanpablo.abaroa@4srealestate.com, monique.cespedes@4srealestate.com, marielmi.peralta@4srealestate.com, michael.molina@4srealestate.com, lars.janson@4srealestate.com, antonio.pazmino@4srealestate.com, federico.jimenez@4srealestate.com, japolayo@4srealestate.com, arturo.gonzalez@4srealestate.com, pascual.roche@4srealestate.com, carlos.delvalle@4srealestate.com, gabriela.perez@4srealestate.com, luis.delgadillo@4srealestate.com, stefano.manzur@4srealestate.com, arturo.garciduenas@4srealestate.com, adrian.hidalgo@4srealestate.com, omar.hernandez@4srealestate.com","+528183484448, 521812377086, 5054366465, 7037795550, 8144206032, 1765379412, 528123770864"
Cancún: real estate agents - Properstar.mu,https://www.properstar.mu/mexico/cancun/real-estate-agents,www.properstar.mu,"jessie@bluecaribbeanproperties.com, user-jessie@bluecaribbeanproperties.com, nunwerther@gmail.com, librado@riminvestments.mx, far@atventure.mx, brocio.palmareal@gmail.com, luis@palmarealprop.com, info@acproperty.com.au, tony.haddad@expmexico.mx, paty@patycardonacancun.com, contacto@inmobiliariamrd.com, op@firstcaution.ch, agent-jessie@bluecaribbeanproperties.comjessiegrijalba, ventas.es@gobalcostamaya.com","9509349027, 7920443252, 0833333333, 7309030652, 1809604255, 4444444444, 1458128471, 1395578471, 8932534744, 3371091528, 8866541162, 1704258471, 6156134085, 5116279069, 1430888471, 8586535153, 52 998 303 1774, 3060013078, 9022932816, 4086142604, 1320688471, 8235911736, 1955551528, 9981003453, 2209411528, 8858466856, 8671832575, 8849778471, 8400095068, 2261391528, 9005972929, 3116925064, 7777777777, +529981087574, 1859321528, 1708315898, 8687026329, 1288868471, 2158401528, 8116918191, 8605598063, 7922063984, 8760215224, 1976195141, 1764651528, 3333333333, 8372093023, +529842033250, 52 9983031774, 0207798471, 8445455530, 1688731528, 1000923292, 7597896887, 9988456074, 2210371528, 3682170542, 1590751528, 5555555555, 7277371528, 5651134991, 8888888888, 9225268471, 9818915996, 1561021528, 1390128471, 8508816995, 2380268471, 1732498471, 1527218471, 8565963263, 6583677999, +524433154519, 8283543011, 1214118471, 8202332415, 1554461528, 9282945736, 8333333333, 8398656818, 9640881528, 2221581528, 1756475217, 1616510754, 3604651162, 1218568471, 8194463055, 3805168471, 2220161528, 9534883720, 1615621528, 7922064047, 3232510534, 9551149619, 8874988471, 1914911528, 1494358471, 1573031528, 4564063455, 7798772609, 8430936127, 8222054849, 1947271528, 8604651162, 3255813953, 8550656311, 6615737200, 3934108527, 1669911528, 2010431528, 1155748471, 7007424061, 8662807352, 8007650614, 1335528471, 6666666666, 5348837209, 7774085229, 8816834938, 8310503451, 4013759651, 8207444607, 1532131528, 1714381528, 1214438471, 6958093288, 7948966408, 6144871528, 8420991154, 1695118471, 8423691430, 8324817999, 2065361528, +529842717000, 6976744186, 5780216500, 9026610718, 8111944377, 1587221528, 8630319773, 8163937378, 8796511489, 9079110249, 1583538471, 0828418471, 7574289405, 1215938471, 9767441860, 6046511627, 8147239225, 1046278471, 9374994825, 1706881528, 5385981912, 1423498471, 9988421053, 8281122759, 1253028900, 1455988471, 1361558471, +524432279395, 8662636738, 1815041528, 4166666666, 8525275995, 1067772761, 8394521141, 7144705929, +525559547897, 8822721259, 3953488372, 7309033345"
LuxuryEstate.com: Luxury Properties and Real Estate for Sale,https://www.luxuryestate.com/,www.luxuryestate.com,info@luxuryestate.com,"7461928934, 4782608696, 4444444444, 7258883249, 4466942149, 9734087799, 6451612903, 6700413223, 4370558376, 5280898876, 2772727273, 5046728972, 1650485437, 6666666667, 7028037383, 5224719101, 1176470588, 5695067265, 4719626168, 4568527919, 2831775701, 4719101124, 9803921569, 1390134529, 2173913043, 8609865471, 6903553299, 4159090909, 0662202989, 0246636771, 9588817753, 5853305785, 0841121495, 4953271028, 3333333333, 2629441624, 0784313725, 7817258883, 2352465309, 6799586777, 4117647059, 1428571429, 3162393162, 4340909091, 7284263959, 2646694215, 9215686275, 0280373832, 9304932735, 4168224299, 2741116751, 5431472081, 8202247191, 0493273543, 1580953698, 7715736041"
Mejores servicios de bienes raíces en Cancún,https://is-top-real-estate.ueniweb.com/about-us/mejores-servicios-de-bienes-raices-en-cancun-1686783,is-top-real-estate.ueniweb.com,issishazzel@gmail.com,"1178626278, 1547133232, 1567316199, 1547133235, 1567316186, 0945080406, 3571428572, 1567316203, 9999999999, 1567316191, 6637984019, +529982017334, 1547133226, 1547133240, 4444021846, 2000000000, 1567316174, 5714285715, 1428571429, 1567316195, +52 998 201 7334, 2857142857, 5714285714, 1567315350, 1567316183, 1567316178, 998 201 7334"
Quienes Somos – Mimosa Real Estate,https://mimosarealestate.com/quienes-somos/,mimosarealestate.com,info@mimosarealestate.com,"(998) 744 8354, 6155235886, 8571428571, +529987448354, 0666666666, 529987448354, 1333333333, 3333333333, 6666666666, 7333333333"
Browse Riviera Maya and Cancun Real Estate Listings,https://www.paradiselistings.mx/listings,www.paradiselistings.mx,paradiselistingsmexico@gmail.com,"0941017999, 5786061588, 1495016611, 5816326530, 1760453056, 4567474048, 5190311418, 0320605344, 6444794051, 1749508740, 1749509365, 3141925352, 1753983346, 1751392187, 1750808284, 1720362812, 1749054511, 1755280570, 9134948096, 7595155709, 1760453700, 1753980824, 1724507900, 1760499141, 9646017699, 0911933298, 3039513677, 9292035398, 0669889502, 1752599950, 1339779005, 1765396732, 1760453391, 1751383772, 1754699887, 1756309570, 1755197888, 1724435970, 1749508193, 1749062364, 1754325561, 0112065745, 5747508305, 1760539494, 1731944021, 5500878734, 1823866597, 7209302325, 1754614331, 1755881323, 7819548872, 6847599164, 1742962270, 1724509116, 1722441599, 6666666666, 7893030794, 1754327140, 1749826933, 3391003460, 3423799582, 1769743101, 5639097744, 2908163265, 1753986751, 7750439367, 1752857120, 1519756838, 3604651162, 0224131490, 7166673554, 1695501730, 1724432659, 3333333333, 1720534638, 3539486203"
Aventi Real Estate | Propiedades exclusivas en Cancún,https://aventirealestate.com/,aventirealestate.com,propiedades@aventirealestate.com,"1000760124, +529988948265"
Alambra Real Estate: Your Trusted Partner | Puerto ...,https://www.alambrarealestate.com/,www.alambrarealestate.com,"info@alambrarealestate.com, hello@firmpeak.com","6569066261, 8602106472, 1661942255, 8478836116, 1688231728, 3016044960, 8939741376, 3325730646, +529841366240, 6654349132, 7059536649, 3969593044, 6560538882, 6173545193"
Real Estate Isla Mujeres | Mundaca | Full-Service Real Estate,https://mundaca.com.mx/,mundaca.com.mx,"sales@mundaca.com.mx, rentals@mundaca.com.mx","1764956783, +52 998 877 0025, 1764782000, 1764729140, 1764729141, 8662300974, 1763491494, +521998877002, 1764255596, +529988770025, 998 877 0025, 3786857955, 1765426185, 1763491493, 3333333333, 866 230 0974"
Mexico Real Estate Solutions: Home,https://mexicorealestatesolutions.com/,mexicorealestatesolutions.com,info@mexicorealestatesolutions.com,"0701962709, 6313618419, 1742309699, 1762102675, 1762097566, 1742295213, 6271438399, +52 984 240 9221, 0688458415, 0691024698, 0372698083, 529842409221, 4938440492, 1742295215, 6817459573, 6310129009, 1742309700"
MAYAMI Real Estate,https://www.mayamirealestatemx.com/,www.mayamirealestatemx.com,"info@mayamirealestate.com, realestatemayami@gmail.com, alberto@mayamirealestate.com","5339886744, 4038982723, 2520075109, 9606569351, 3103800878, 5426793309, 529842529370, 0713275999, 0904111999, 6091839497, 7857509977, 6299103352, 5993869435, 9682030692, 0245076341, 5185660533, 8001967964, 9383623617, 6057150241, 6430897620, 5255268263, 0639204145, 5016498995, 1503448868, 6282146654, 1765327211, 0509753424, 4653501999, 2545352419, 9395515520, 7980673383, 6660628578, 3064312940, 8443763229, 6343436259, 8120245501, 6501425812, 1765327210, 0821388999, 6870644439, 7018562343, 2558115799, 9842529370, 6538075274, 4614017999, 2054936319, 4962324513, 9138122956, 3074663829, 7528824071, 2110694603, 4534864378, 1245197864, 5916054423, 1125111114, 2759474455, 7084847537, 4930812471, 0393296573, 3587287003, 1745433692, 0786495999, 8365469250, 1309642035, 2173346523, 1014479952, 9288338191"
Zafina Real Estate | bienes raices cancun,https://www.zafinarealestate.com/,www.zafinarealestate.com,"contacto@zafinarealestate.com, email@ejemplo.com","0683803295, 1245103941, 8362888222, 8079774999, 4473799906, 1546433524, 529985887409, 9678961504, 1499935685, 9899997711, 4190472810, 5053144538, 1738444869, 3632466096, 8209004000, 9737382324, 1765291715, 9900000095, 1499936284, 6812081285, 1282043921, 1713542243, 1930680450, 5773628843, 8339468160, 1527974252, 8761813151, 1497793082, 1659604952, 7947712169, 8111500798, 1005552117, 6027642889, 4254764406, 2545352419, 8883354502, 2147483648, 4463942844, 8505456014, 8120245501, 4565447999, 2766784559, 8523829999, 1605667662, 1765291717, 3613063207, 1713542242, 1546433537, 0002322587, 7528824071, 2110694603, 4534864378, 527750300162, 8494271682, 8425403999, 1874216029, 998 588 7409, 8678644000, 0446921111, 4593525326, 6991357105, 2890210657, 2218348811"
Desarrollos Inmobiliarios en Venta en Tulum,https://goodlers.com/roo/tulum,goodlers.com,"hola@goodlers.com, web@foret.mx, ecommerce@actualg.com, info@ecocentro.mx, contacto@grupor4.com, gerencia@santacruzwood.mx, contacto@vfs.mx, proyectos@whcomercial.com","2393903747, 1765427925, +529982418106, (999) 945 0928, 0447975121, (999)1224414, 2182850814, 3502669989, (999) 598 4744, 4589025387, 5594301518, +529995984744, 4585745948, +529991137158, 4589022364, 4585735471, (999) 271 5056, (999) 9486501, +529845931323, 4589054434, +529999009188, 9991224414, 5658064514, +529992715056, +529992652027"
"Proyectos - Desarrollo, Gestión y Comercialización de ...",https://tresor.mx/proyectos/,tresor.mx,hello@tresor.mx,"1765405899, 1686704529, 9984045602, 1742293986, 1088104861, 1765405900, 1765405898, 0174283734, 2124017886, 1765410007, 529984045602"
Tulum Archivos - Página 2 de 2,https://aztroinmobiliaria.com/category/tulum/page/2/,aztroinmobiliaria.com,"contacto@aztroinmobiliaria.com, ventas@kalmatulum.com, contacto@aztrodesarrollos.com","1707926341, (998) 561 5300, 521999493770, 1707926342, 529994937707, (999) 481 9623, +529994819623, 4418760419, 1765427934, 7186061949, (999) 493 7707, +529985615300, 1500474464"
Desarrollos inmobiliarios en Tulum en preventa más ...,https://aireriviera.com.mx/desarrollos-inmobiliarios-en-tulum-en-preventa-mas-interesantes/,aireriviera.com.mx,info@aireriviera.com.mx,"1018796215, 1741855146, 1764865569, 7432864024, 1764887169, 4066143815, +521984318471, +52 (984) 318 4710, 1741855145, 1759611238, 1747267559"
Love Tulum Eco Developments,https://lovetulum.mx/,lovetulum.mx,info@lovetulum.mx,"1665006571, 1742281719, 0667694575, 0753200000, 1742281713, 1742281726, 2250334560, 6038140832, 9079835307, 1765350510, 5017301633, 0000004632, +52 984 871 3522, 2375900000, 1559005930, 1665006545, 1765350511, 0000000667, 3097860740, 1665006504, 8317056933, 5522000000, 0000013277, 0452296259, +52 984 270 5274"
Onix Living: Inicio,https://onixliving.mx/,onixliving.mx,info@onixliving.mx,"1746648612, +52 984 188 4067, +52 984 141 0854, 1746648600, 1746648580, 1761666952, 1764367336, 9841884067"
Viventum | Terrenos en Tulum,https://viventum.com.mx/,viventum.com.mx,ventas@viventum.com.mx,"1082378701, +529992754498, 1333333333, 1763727295, 1754336272, 1754336278, 1756319726, 1757024478, 1756854609, 1437454020, 1649436837, 6666666666, 7333333333, 1765410792, 1564666650, 0666666666, 1756854668, 1757024544, 3333333333, +52 999 275 4498, 2644536267"
"KIN Desarrollos – Desarrollo, Construcción y Urbanización ...",https://kindesarrollos.com/,kindesarrollos.com,"info@kindesarrollos.com, info@hypha.mx","5999999999, 9999997779, 1765241365, 1732743515, 1742257897, 1732619511, 5834045410, 8691915273, 1765241366, 1742257895, 0000000555, 7827021181, 1000000000, +52 984 114 7175, 6663818359, 1765241364, 1742257896, 1115123125, 5539507496, 1765241367, +52 984 253 9759"
Emana Tulum,https://emanatulum.mx/,emanatulum.mx,hola@emanatulum.com,"529991894975, 6156570190, 9999311018"
ITM Desarrolladores,https://itmdesarrolladores.com/,itmdesarrolladores.com,contacto@itmgroup.mx,"998 208 9351, 1748032266, 9982417235, 998 208 9352, 9982089352"
Flamengo Desarrollos – Desarrollamos proyectos ...,http://flamengodesarrollos.com/,flamengodesarrollos.com,contacto@flamengodesarrollos.com,"6974372560, +521812022208"
Endemico: Home,https://endemico.com.mx/,endemico.com.mx,info@endemico.com.mx,"1765361932, 52 984 233 9980, 1745283258, 1745283195, 1745283272, 2024112801, 1765361933"
NATIVA TULUM: Inicio,https://nativatulum.mx/,nativatulum.mx,"info@nativatulum.mx, sebas@nativatulum.mx","7632952025, 9999999999, 1758656092, 1486300705, 8089223540, 5932478027, +521984319416, 5298323535, +521984323535, +52 984 323 5354, 529843194169, +529842090074, 0123712173, 1760227623, 521984323535, +529843235354, 984 323 5354"
Tulum - Desarrollos inmobiliarios en venta | Mudafy,https://mudafy.com.mx/venta/desarrollos/quintana-roo-tulum,mudafy.com.mx,consultas@mudafy.com,"2592360107, 7673960296"
ROSELA TULUM - ROSELA TULUM - LOTES RESIDENCIALES,https://roselatulum.com/,roselatulum.com,contacto@desarrollosecopsa.com,"1748044085, 1765427935, 1765222093, 8036312910, 1747844997, 1747844999, 8571428571, 1747952715, 1765222147, 1747953589, 1747857612, 1428571429, 1765227691, 1747858143, +52 999 304 3498"
Mantus Tulum,https://mantustulum.com/,mantustulum.com,"cliente@desarrollosmex.com, cobranza@desarrollosmex.com, atencionalcliente@desarrollosmex.com",998 195 8858
Invierte en tu futuro - Tulum,https://simca.mx/es/division/invertir-en-desarrollos-inmobiliarios/tulum,simca.mx,"sales@simca.mx, ventas@simca.mx","1618288794, 1747431650, 4546986313, 1618437941, 1685029292, 1617422501, 1623878679, 1747333906, 1687541365, 1631828114, 1684447218, 1618288865, 1618288968, 1618334248, 1617418476, 1618500258, 1617405686, 1617422538, 1687541242, 1683131531, 1618288990, 1723667632, 1721849021, 1618288950, 1704992097, 1644947186, 1618416738, 1618288882, 1617422398"
Los más exclusivos desarrollos inmobiliarios del sureste ...,http://queridotulum.mx/somos,queridotulum.mx,sales@simca.mx,"1012218220, 4546986313"
Grupo Origen,https://gruporigen.com.mx/,gruporigen.com.mx,contacto@gruporigen.com,529841363843
Desarrollos inmobiliarios de bienes y raíces en Tulum ✔️,https://belivingrealestate.com/es/bienes-raices-tulum/,belivingrealestate.com,hola@findero.me,"5999999999, 1155387400, 0705882353, 1019607843, 1713447471, 5019607843, 1747193452, +525579170147, 1701391064"
Pandora Tulum,https://grupourbica.mx/pandora/,grupourbica.mx,contacto@aztrodesarrollos.com,"1202388830, 1703189150, 1703189492, 529994094769, 1703189491, 1703189394, 1703265699, 529994937707, 1761156097, (999) 481 9623, 1999999999, (999) 493 7707, 1758652746, 1703268271, 1703189509"
Studio,https://www.rorearquitectos.com/studio/,www.rorearquitectos.com,info@rorearquitectos.com,+529844250886
"Merkaba: Ingenieros y Arquitectos de Cancún, Playa del ...",https://www.merkabamx.com/,www.merkabamx.com,"info@merkabamx.com, galcocer@merkabamx.com","1568754983, 2483692962, 1603306965, 998 239 7650, 529982397650, 1125226435"
"Arquitectos en Playa del Carmen, Estado de Quintana ...",https://www.houzz.es/professionals/arquitectos/playa-del-carmen-23-mx-probr0-bo~t_17749~r_3521342,www.houzz.es,forwarding@pro.houzz.com,"1189512757, 9493442592, 1449946501, 1379718039, 8884606011, 8334523779, 8886110639, 8888275017, 8885038377, 1299622974, 1306220043, +52 984 135 4813, 1304021157, +52 984 157 8931, 8882089803, 1329483936, 1355277404, 3490099796, 4480825835, 1387391362, 1297424079, 1458068672, 8883164595, 1305120532, 1002798224, 1295225064, 8882520004, 1399746853, 5828089175, 1355277406, 1454787254, 8008617715, 1322584441, 1322584442, 1307319692, 1309518715, 6113001731, 1306220228, 6027263458, 1447442608, 1300722488, 1308419067, 1311717738, 1002798225, 1301822060, 9492366743, 8884451942, +52 984 178 4015, 1458068677, 8883513497, 523727806322, 1302921509, 1306220180, 1371129395, 1267585943, 8885911066, 6193633779, 1296324439, 8886166296, 1299623107, 1308419196, 1387710704, 1458068680, 1296324576, 1396906329, 1458068695, 1458068691, 8882370178, 1458068687, 1458068692, 3147221018, 8883167508, 1387391361, 1298523462, 8883665024, +52 984 117 9940, 1363975523, 1387391358, 1453892156, 3127204739, 1581157808, 8886112009, 1331585541, 1430303603, +52 984 128 5529, 6480044954, 1765427939, 1371129397, 1380941853, +52 614 511 3541, +52 984 803 4921, 1849454041, 1458068671, 1304021153, 8883722851, 1458068673, 3980069439, +52 984 876 9701, 1385371019, 8671967797, 1380941850, 8134233132, 1407982722, 1385371017, 1458068668, 1387713003, 9980947750, 2025120918, 9980947646, 1360557796, 8883501759, 1387391363, 1458068678, 8773422383, 8885509202, 1739569117, 1458068694, 1453892157, 9980947726, 8885105923, 4480816426, 8884018809, 8886851650, 1453892155, 8882253051, 3490086853, 1379718038, 8886107168, 1458068675, 1876188861, 8886986613, 1387391360, 1298523599, 1260026202, 8885218711, 8886198863, +52 984 115 6274, 8884395284, 8882827064, +52 984 205 5608, 9981432806, +52 998 145 4917, 9980947770, 7146896633, 1301821997, 1387031675, +52 984 246 2332, 1310618092, 1458068670, +52 984 206 2154, 9980947766, +52 984 116 4700, 1301822133, 4930800938, 9841354813, 8003409610, 1423747088, 1458068689, +52 984 179 3157, 1011499361, 9980947746, 8882192245, 8883166960, 1355277405, 1458068685, 4420815868, 1458068683, 1779773941, 1380941855, 1458068684, 1307319555, 1413096352, 8883114348, 1458068679, 8003986704, 2080948073, 9980947678, 3380184020, 8885109389, 1300722623, 1490362065"
Featured Architects In Playa Del Carmen,https://directoriolocal.com/playa-del-carmen/category/architects,directoriolocal.com,contacto@ar-studio.com.mx,"984 1281741, 984 6884765, 9842563570, 9841281741, 9841402923, 9871037082, 9847455728, 984 2563570, 9848733790, 984 1402923, 9848730624, 9841354813, 984 8033210, 987 1037082, 9848033210, 9890341481, 984 1095321, 5316607376, 984 8733790, 984 1046168, 984 1882423, 984 1354813, 984 1339068, 9841046168, 9841095321, 984 8730624, 984 7455728, 9841882423, 9846884765, 9841339068"
Proyectos Arquitectonicos en Playa del Carmen,http://www.arquinplaya.com/Proyectos.html,www.arquinplaya.com,memobens@gmail.com,984 188 2423
OCEANA,https://www.rdlparquitectos.com/es/proyectos/oceana/,www.rdlparquitectos.com,info@rdlparquitectos.com,"1520619902, 0684933843, 6319268862, 9246751464"
DC Architecture | Hagamos realidad el proyecto de tus sueños.,https://www.dcarchitecture.xyz/,www.dcarchitecture.xyz,info@dcarchitecture.xyz,
UNO Arquitectos Mx | Architecture & Construction in Riviera ...,https://unoarquitectos.com/,unoarquitectos.com,info@unoarquitectos.com,"5118957762, +52 984 210 8420, 7063606478, 529842108420, 0549682726, +529842108420"
Pide cotizaciones de arquitectos en Playa del Carmen,https://www.cronoshare.com.mx/servicios/arquitectos/quintana-roo/playa-del-carmen,www.cronoshare.com.mx,collection@infegy.com,"9745650192, 7520359902"
Yunque Arquitectura | Arquitecto en Playa del Carmen,https://yunque-arquitectura.ueniweb.com/,yunque-arquitectura.ueniweb.com,judjul1_3@hotmail.com,"1568110446, 1568110749, 3571428572, 1536067258, 9999999999, 1396898993, 1547216387, 3417601441, 1503675774, 1572567032, 1503675786, 1568030250, 6244560075, 1572566283, 2000000000, 1572566195, 1572566100, 5714285715, 1428571429, +525523141420, 2857142857, 5714285714, 1426942310, 1002385248"
Hotel Grand Hyatt Playa del Carmen / Sordo Madaleno ...,https://www.archdaily.mx/mx/774796/hotel-grand-hyatt-playa-del-carmen-sordo-madaleno-arquitectos,www.archdaily.mx,tu@email.com,"6264051406, 1427215061, 0132043609, 1463351463, 0670157200, 1463351417, 0839579207, 1444056480, 1444056630, 1463351485, 3508704824, 2697891031, 1463351307, 1444056514, 1444056541, 0123456789, 1765427945, 8860089977, 4555000022, 1748432290, 1463351473, 1444056700, 1463351440, 4555000025, 1463351496, 1444056386, 8722912624, 1444056410, 0495720683, 1444056712, 1444056502, 1463351330, 0975379333, 1444056573, 1444056434, 0125281196, 0175744397, 4555000023, 1463351318, 0065115729, 1444056667, 1444056529, 1444056601, 6304307874, 4555000018, 1463351428, 9092982708, 1444056456, 0060462088, 4555000017, 4555000021, 1444056397, 0084649285, 1444056468, 4555000019, 1444056491, 1463351295, 1463351340, 1444056643, 1463351450"
Colegio de Arquitectos del Municipio de Solidaridad AC - ccerm,https://ccerm.org/colegio-arquitectos-rm/,ccerm.org,"info@carm.mx, arquisolidaridad@gmail.com, ccerivieramaya@gmail.com","1743102992, 1743102993, 1743102991, 1667318620"
Colegios de Arquitectos y de Ingenieros ...,https://playadelcarmen.gob.mx/colegios-de-arquitectos-y-de-ingenieros-de-playa-del-carmen-suscriben-convenio-para-la-construccion-de-un-mejor-playa-del-carmen,playadelcarmen.gob.mx,contacto@playadelcarmen.gob.mx,"1655397272, (984) 877 3050, 1765400346, 1742239124, 1765400345, 1742239133, 1742239136, 1755193858, 5435530467, 1765411678, 1999999999, +529848773050"
Limón Arquitectos,https://limonarquitectos.com.mx/empresa/,limonarquitectos.com.mx,limonarquitecto@yahoo.com.mx,2756577691
arqkhe – Taller de arquitectura,https://arqkhe.com/,arqkhe.com,proyectos@arqkhe.com,"1765250607, 1742227968, 1742227954, 1765250608, 1742227972, 3333333333, 6666666666"
Servicios de Mantenimiento en Playa del Carmen y Cancun - LT,http://dacarquitectura.com.mx/,dacarquitectura.com.mx,lunat.dac@gmail.com,"8571428571, 1764827981, +52 9211135403, +529211135403"
DIF Playa del Carmen y Colegio de Arquitectos impulsan ...,https://difplayadelcarmen.gob.mx/dif-playa-del-carmen-y-colegio-de-arquitectos-impulsan-espacios-inclusivos/,difplayadelcarmen.gob.mx,dif@difplayadelcarmen.gob.mx,"1764252149, 1742314091, 984 196 2661, 1765376168, 1742314095, 1742314082, 984 877 3050"
MD+Playa Arquitectura,http://www.mdplaya.com/divisioacuten-arquitectura.html,www.mdplaya.com,arquitectura@mdplaya.com,"6926930776, 8947368421, 8285208354, 5539987844, 8738093133, 6363636363, 1573000901, 1573000885, 4926523315, 5517785361, (984) 211 1898, 5043874754, 6117203988, 7639716697, 1449890350, 7210648045, 4961739786, 1758591036, 4256075491, 1573001364, 5419059273, 1052631578, 1635897939, 526269434983, 1758581904, 1573000115, 9388828805, 5315699401, 3636363636, 4211159486, 9491936315, 1447991541, 9848030648, 9841578957, (984)1578957, 6390569383, 7513186092, 2881752587, (984) 803 0648, 5094174275, 8651090686, 2602243679, 9511445844, 2115186248"
"AC Construcciones: Arquitectos en México, Cancún, Tulum y ...",http://www.acconstrucciones.com.mx/,www.acconstrucciones.com.mx,direccion@acconstrucciones.com.mx,"1436342394, 9999999999, 1436347141, 521998842063, 1435149964"
EPICArquitectos e Ingenieros,https://arquitectosingenieros.com.mx/,arquitectosingenieros.com.mx,"epereda@arquitectosingenieros.com.mx, nachocano@arquitectosingenieros.com.mx","984 1499290, 1747344055, 984 206 2523, 8001234567, 1747344049, 1765427946, 1747344043, 1747344057, 1747344047"
AMG Arquitectos Cancun: Arquitectos en Cancún,https://www.amgarquitectos.com/,www.amgarquitectos.com,"%20arqmanzanero@amgarquitectos.com, hola@amgarquitectos.com",
Ajolote Arquitectura y Diseño Riviera Maya,https://ajoloteco.com/,ajoloteco.com,info@ajoloteco.com,"523317508730, 1695852566, 1695674500, 1590174883, 1695674005, 1695852274, 1582735996, 1589932359, 1590174732"
Best 15 Architects & Residential Architecture Firms in Playa ...,https://www.houzz.com/professionals/architect/playa-del-carmen-23-mx-probr0-bo~t_11784~r_3521342,www.houzz.com,forwarding@pro.houzz.com,"1189512757, 9493442592, 1449946501, 1670482926, 1379718039, 8884606011, 8334523779, 8886110639, 8888275017, 8885038377, 1299622974, 1306220043, 1304021157, +52 444 310 9567, 8882089803, +52 656 144 5937, 1329483936, 1355277404, 9933995774, 3490099796, 4480825835, 1387391362, 1297424079, 1458068672, 8883164595, 1305120532, 1002798224, 1295225064, 8882520004, 1399746853, 5828089175, 1355277406, 8008617715, 1322584441, 1322584442, 1307319692, 1309518715, 6113001731, 1306220228, 6027263458, 1447442608, 1479851115, 1300722488, 1308419067, 1311717738, 1002798225, 1301822060, 9492366743, +52 614 141 3219, 8884451942, 1458068677, 8883513497, +52 984 140 3829, 1302921509, 1306220180, 1371129395, 1267585943, 8885911066, 6193633779, 1296324439, +52 984 151 0178, 8886166296, 1299623107, 1308419196, 1387710704, 1458068680, 1296324576, 1396906329, 1458068695, 1458068691, 8882370178, 1458068687, 1458068692, 3147221018, 1958811773, 8883167508, 1387391361, 1298523462, 8883665024, +52 984 117 9940, 1363975523, 1387391358, 1453892156, 1581157808, 8886112009, 1331585541, 1430303603, 6145113541, 6480044954, 1371129397, 1380941853, +52 614 511 3541, +52 984 803 4921, 1849454041, 1458068671, 1304021153, 8883722851, 1458068673, 3980069439, +52 984 876 9701, 1295779565, 1385371019, 8671967797, 1380941850, 8134233132, 9841156274, 1407982722, 1385371017, 1458068668, 1387713003, 9980947750, 2025120918, 9980947646, 1360557796, 8883501759, 1387391363, 1458068678, 8773422383, 8885509202, 1739569117, 1458068694, 1453892157, 9980947726, 8885105923, 0806225137, 4503389003, 1765427947, 4480816426, 1405352375, 8884018809, 8886851650, 1453892155, 8882253051, 3490086853, 1379718038, 8886107168, 1458068675, 1876188861, 8886986613, 1387391360, 1298523599, 1325834176, 8885218711, 8886198863, +52 984 115 6274, 9847452327, 1891499943, 8884395284, 8882827064, 1741685928, 9980947770, +52 984 157 3950, 7146896633, 1301821997, 1387031675, +52 984 246 2332, 1310618092, 1458068670, 9980947766, 1301822133, 4930800938, 8003409610, 1423747088, 1458068689, 9980947746, 8882192245, 8883166960, 1355277405, 1515422125, 1458068685, 1458068683, 4420815868, 1779773941, 1380941855, 1458068684, 5481530003, 1307319555, 1413096352, 8883114348, 1458068679, 8003986704, 9980947678, 3380184020, 8885109389, 1300722623, 1490362065"
dirección arquitectónica - Arturo Amaya,https://anaamof.wixsite.com/darquitectonica/nosotros,anaamof.wixsite.com,d-arquitectonica@yahoo.com.mx,"2545352419, 4319825762, 2110694603, 1779073137, 4534864378, 0247605124, 6754617865, 8604374296, 6708877881, 5071310751, 9057059388, 5315325519, 1765168691, 2511297643, 1022289667"
"Arquitectos Cerca de ti en Playa del Carmen, Quintana Roo ...",https://capitalactiva.mx/arquitectos/playa-del-carmen,capitalactiva.mx,"contacto@grupobagu.com, info@carlosgallego.mx, contacto@kuha.mx, info@arquitectoscozumel.com, memobens@gmail.com, info@plazaprogreso.com, anapbm@gmail.com, contacto@capitalactiva.mx, info@gaesdesign.com, rentas.plazaprogreso@gmail.com, ventas@cofedesarrollos.com, ventas@simca.mx, office@derarchitekt.com.mx, segurasergio@hotmail.com, info@petravia.mx, gachavez@sadasi.com, info@cdcalamilla.com, libelulainteriors@libelulainteriors.com, info@mdplaya.com, hola@rocarolsstudio.com, info@studioarqs.com, info@miadesing.com.mx, admin@brqroo.mx, info@jcharq.mx, sales@simca.mx, frida@d-arquitectonica.com, grupocermasa@gmail.com, info@carm.mx, pacodiazarquitectos@hotmail.com, proyectos@arqkhe.com, team@latofonts.com, customerservice@xcaret.com, info@jcharq.com, reservation@bricrental.com, bbravos@sadasi.com, contacto.tamarquitectura@gmail.com, ventascorasol@originamx.com","987 872 5777, 984 147 1259, 984 109 5513, 984 138 3098, 984 801 8296, 984 233 4497, 998 440 7804, 984 176 2221, 442 321 7655, 984 206 1689, 984 181 3526, 984 803 0219, 984 803 1240, 984 231 0414, 987 869 8101, 983 123 1800, 984 177 6430, 984 147 5250, 984 873 2799, 984 113 5262, 984 124 0887, 984 803 0880, 984 127 1030, 984 803 3546, 984 875 1234, 961 198 1397, 984 202 1719, 844 132 3387, 984 108 3094, 984 179 9912, 984 158 7790, 984 206 2124, 984 216 1453, 961 138 4865, 984 268 7742, 984 803 0086, 984 233 2253, 984 109 3634, 984 120 9396, 984 122 1573, 984 877 2900, 984 256 3570, 984 105 1589, 984 158 2075, 984 157 1153, 0827000014, 984 167 0926, 984 146 0530, 984 318 9432, 984 157 5556, 984 109 4248, 984 133 9855, 6728359640, 984 206 1918, 984 803 4921, 984 267 2989, 984 803 5034, 800 108 0108, 984 745 0159, 984 109 0470, 984 142 0139, 984 231 3061, 984 859 0641, 443 227 6148, 984 231 3181, 984 188 2423, 984 109 3393, 984 233 9492, 984 803 3191, 984 115 6274, 984 113 4703, 984 873 3872, 984 206 2154, 984 803 2893, 984 157 8957"
Crest México,https://crest.com.mx/,crest.com.mx,"info@crest.com, info@crest.com.mx","3365865103, 8119937005, 8015817672, 1686069247"
Contrataciones vigentes | Secretaría de Marina | Gobierno,https://www.gob.mx/semar/documentos/contrataciones-vigentes?state=published,www.gob.mx,srio@semar.gob.mx,1765427948
De Arquitectos en Quintana Roo.,https://www.seccionamarilla.com.mx/resultados/de-arquitectos/quintana-roo/1,www.seccionamarilla.com.mx,"cac@seccionamarilla.com, ventas@seccionamarilla.com, %20cac@seccionamarilla.com, cac@adn.com.mx, %20ventas@seccionamarilla.com","998) 848 2466, 1008229126, 1010942423, 984) 803 4921, 998) 802 2227, 1009993801, 1600899805, 1002479015, 1600899635, 1600899899, 1600899552, 1004143413, 998) 887 9634, 1004733035, 998) 880 5821, 1009991542, 1002251653, 1009866615, 998) 109 8965, 1010057673, 1600899844, 1005629634, 1004785307, 1009995285, 998) 884 1763, 1720727048, 1003162966, 1600899738, 998) 884 0008, 1009994329, 984) 873 0624, 984) 803 2540, 998) 143 2507, 1004294801, 998) 830 0297, 998) 206 0191, 1004387766, 987) 872 5581, 1550435196, 998) 882 0785, 984) 803 2653"
PEMEX | Bolsa de trabajo,http://www.pemex.com/acerca/recursos-humanos/Paginas/Trabaja-en-Pemex.aspx,www.pemex.com,"bolsa.trabajo@pemex.com, misrh@pemex.com","6389419948, 1880287568, 2147483648, 1372324107, 2147474174, 1561350208, 2113396707, 0000000000, 2147421952, 0092257480, 1723389983, 5991661020"
Conoce las vacantes que hay disponibles en Grupo Modelo,https://www.grupomodelo.com/ofertas-de-trabajo/trabaja-con-nosotros,www.grupomodelo.com,"atencionbees@ab-inbev.com, datos.legal@ab-inbev.com","800 466 3356, 8000000000"
Bolsa de trabajo,https://www.imss.gob.mx/conoce-al-imss/bolsa_de_trabajo,www.imss.gob.mx,contacto.ece@imss.gob.mx,
Empleos en Marriott Internacional | Encuentre oportunidades ...,https://careers.marriott.com/es/,careers.marriott.com,hqaffirmativeaction@marriott.com,"1765427954, 1728684990"
FEMSA Bolsa de Trabajo,https://careers.femsa.com/,careers.femsa.com,comunicacion@femsa.com.mx,1917195846
